[
{
  "model": "merlin_api.simulation",
  "pk": 1,
  "fields": {
    "name": "53158240981760676448699324833704468482",
    "description": "",
    "num_steps": 1,
    "start_date": "2016-07-01"
  }
},
{
  "model": "merlin_api.simulation",
  "pk": 2,
  "fields": {
    "name": "149970583580872669854555943231063788641",
    "description": "",
    "num_steps": 1,
    "start_date": "2016-07-01"
  }
},
{
  "model": "merlin_api.simulation",
  "pk": 3,
  "fields": {
    "name": "95217209425273029101028566122834706702",
    "description": "",
    "num_steps": 1,
    "start_date": "2016-07-01"
  }
},
{
  "model": "merlin_api.unittype",
  "pk": 1,
  "fields": {
    "sim": 1,
    "value": "other$"
  }
},
{
  "model": "merlin_api.unittype",
  "pk": 2,
  "fields": {
    "sim": 1,
    "value": "OH_work_hr"
  }
},
{
  "model": "merlin_api.unittype",
  "pk": 3,
  "fields": {
    "sim": 1,
    "value": "accommodationExpense$"
  }
},
{
  "model": "merlin_api.unittype",
  "pk": 4,
  "fields": {
    "sim": 1,
    "value": "LS_work_hr"
  }
},
{
  "model": "merlin_api.unittype",
  "pk": 5,
  "fields": {
    "sim": 1,
    "value": "desktop#"
  }
},
{
  "model": "merlin_api.unittype",
  "pk": 6,
  "fields": {
    "sim": 1,
    "value": "staff$"
  }
},
{
  "model": "merlin_api.unittype",
  "pk": 7,
  "fields": {
    "sim": 1,
    "value": "surplus$"
  }
},
{
  "model": "merlin_api.unittype",
  "pk": 8,
  "fields": {
    "sim": 1,
    "value": "staffExpense$"
  }
},
{
  "model": "merlin_api.unittype",
  "pk": 9,
  "fields": {
    "sim": 1,
    "value": "revenue$"
  }
},
{
  "model": "merlin_api.unittype",
  "pk": 10,
  "fields": {
    "sim": 1,
    "value": "appl#"
  }
},
{
  "model": "merlin_api.unittype",
  "pk": 11,
  "fields": {
    "sim": 1,
    "value": "ITexpense$"
  }
},
{
  "model": "merlin_api.unittype",
  "pk": 12,
  "fields": {
    "sim": 1,
    "value": "opsurplus$"
  }
},
{
  "model": "merlin_api.unittype",
  "pk": 13,
  "fields": {
    "sim": 1,
    "value": "rent$"
  }
},
{
  "model": "merlin_api.unittype",
  "pk": 14,
  "fields": {
    "sim": 1,
    "value": "workspace#"
  }
},
{
  "model": "merlin_api.unittype",
  "pk": 15,
  "fields": {
    "sim": 2,
    "value": "other$"
  }
},
{
  "model": "merlin_api.unittype",
  "pk": 16,
  "fields": {
    "sim": 2,
    "value": "OH_work_hr"
  }
},
{
  "model": "merlin_api.unittype",
  "pk": 17,
  "fields": {
    "sim": 2,
    "value": "accommodationExpense$"
  }
},
{
  "model": "merlin_api.unittype",
  "pk": 18,
  "fields": {
    "sim": 2,
    "value": "staff$"
  }
},
{
  "model": "merlin_api.unittype",
  "pk": 19,
  "fields": {
    "sim": 2,
    "value": "staffExpense$"
  }
},
{
  "model": "merlin_api.unittype",
  "pk": 20,
  "fields": {
    "sim": 2,
    "value": "surplus$"
  }
},
{
  "model": "merlin_api.unittype",
  "pk": 21,
  "fields": {
    "sim": 2,
    "value": "logisticExpense$"
  }
},
{
  "model": "merlin_api.unittype",
  "pk": 22,
  "fields": {
    "sim": 2,
    "value": "file#"
  }
},
{
  "model": "merlin_api.unittype",
  "pk": 23,
  "fields": {
    "sim": 2,
    "value": "revenue$"
  }
},
{
  "model": "merlin_api.unittype",
  "pk": 24,
  "fields": {
    "sim": 2,
    "value": "LS_work_hr"
  }
},
{
  "model": "merlin_api.unittype",
  "pk": 25,
  "fields": {
    "sim": 2,
    "value": "opsurplus$"
  }
},
{
  "model": "merlin_api.unittype",
  "pk": 26,
  "fields": {
    "sim": 2,
    "value": "rent$"
  }
},
{
  "model": "merlin_api.unittype",
  "pk": 27,
  "fields": {
    "sim": 2,
    "value": "workspace#"
  }
},
{
  "model": "merlin_api.unittype",
  "pk": 28,
  "fields": {
    "sim": 3,
    "value": "other$"
  }
},
{
  "model": "merlin_api.unittype",
  "pk": 29,
  "fields": {
    "sim": 3,
    "value": "OH_work_hr"
  }
},
{
  "model": "merlin_api.unittype",
  "pk": 30,
  "fields": {
    "sim": 3,
    "value": "accommodationExpense$"
  }
},
{
  "model": "merlin_api.unittype",
  "pk": 31,
  "fields": {
    "sim": 3,
    "value": "ITexpense$"
  }
},
{
  "model": "merlin_api.unittype",
  "pk": 32,
  "fields": {
    "sim": 3,
    "value": "desktop#"
  }
},
{
  "model": "merlin_api.unittype",
  "pk": 33,
  "fields": {
    "sim": 3,
    "value": "staff$"
  }
},
{
  "model": "merlin_api.unittype",
  "pk": 34,
  "fields": {
    "sim": 3,
    "value": "surplus$"
  }
},
{
  "model": "merlin_api.unittype",
  "pk": 35,
  "fields": {
    "sim": 3,
    "value": "staffExpense$"
  }
},
{
  "model": "merlin_api.unittype",
  "pk": 36,
  "fields": {
    "sim": 3,
    "value": "revenue$"
  }
},
{
  "model": "merlin_api.unittype",
  "pk": 37,
  "fields": {
    "sim": 3,
    "value": "appl#"
  }
},
{
  "model": "merlin_api.unittype",
  "pk": 38,
  "fields": {
    "sim": 3,
    "value": "LS_work_hr"
  }
},
{
  "model": "merlin_api.unittype",
  "pk": 39,
  "fields": {
    "sim": 3,
    "value": "opsurplus$"
  }
},
{
  "model": "merlin_api.unittype",
  "pk": 40,
  "fields": {
    "sim": 3,
    "value": "rent$"
  }
},
{
  "model": "merlin_api.unittype",
  "pk": 41,
  "fields": {
    "sim": 3,
    "value": "workspace#"
  }
},
{
  "model": "merlin_api.attribute",
  "pk": 1,
  "fields": {
    "sim": 1,
    "value": "service"
  }
},
{
  "model": "merlin_api.attribute",
  "pk": 2,
  "fields": {
    "sim": 1,
    "value": "asset"
  }
},
{
  "model": "merlin_api.attribute",
  "pk": 3,
  "fields": {
    "sim": 1,
    "value": "budget"
  }
},
{
  "model": "merlin_api.attribute",
  "pk": 4,
  "fields": {
    "sim": 1,
    "value": "resource"
  }
},
{
  "model": "merlin_api.attribute",
  "pk": 5,
  "fields": {
    "sim": 1,
    "value": "branch"
  }
},
{
  "model": "merlin_api.attribute",
  "pk": 6,
  "fields": {
    "sim": 1,
    "value": "external capability"
  }
},
{
  "model": "merlin_api.attribute",
  "pk": 7,
  "fields": {
    "sim": 2,
    "value": "service"
  }
},
{
  "model": "merlin_api.attribute",
  "pk": 8,
  "fields": {
    "sim": 2,
    "value": "asset"
  }
},
{
  "model": "merlin_api.attribute",
  "pk": 9,
  "fields": {
    "sim": 2,
    "value": "budget"
  }
},
{
  "model": "merlin_api.attribute",
  "pk": 10,
  "fields": {
    "sim": 2,
    "value": "resource"
  }
},
{
  "model": "merlin_api.attribute",
  "pk": 11,
  "fields": {
    "sim": 2,
    "value": "branch"
  }
},
{
  "model": "merlin_api.attribute",
  "pk": 12,
  "fields": {
    "sim": 2,
    "value": "external capability"
  }
},
{
  "model": "merlin_api.attribute",
  "pk": 13,
  "fields": {
    "sim": 3,
    "value": "service"
  }
},
{
  "model": "merlin_api.attribute",
  "pk": 14,
  "fields": {
    "sim": 3,
    "value": "branch"
  }
},
{
  "model": "merlin_api.attribute",
  "pk": 15,
  "fields": {
    "sim": 3,
    "value": "asset"
  }
},
{
  "model": "merlin_api.attribute",
  "pk": 16,
  "fields": {
    "sim": 3,
    "value": "budget"
  }
},
{
  "model": "merlin_api.attribute",
  "pk": 17,
  "fields": {
    "sim": 3,
    "value": "resource"
  }
},
{
  "model": "merlin_api.output",
  "pk": 1,
  "fields": {
    "name": "Operational Surplus",
    "description": null,
    "sim": 1,
    "attributes": "[]",
    "unit_type": 12,
    "minimum": null,
    "deliver_date": null,
    "display_pos_x": 1457.0,
    "display_pos_y": 702.0
  }
},
{
  "model": "merlin_api.output",
  "pk": 2,
  "fields": {
    "name": "Applications Processed",
    "description": null,
    "sim": 1,
    "attributes": "[]",
    "unit_type": 10,
    "minimum": 30000.0,
    "deliver_date": null,
    "display_pos_x": 1453.0,
    "display_pos_y": 450.0
  }
},
{
  "model": "merlin_api.output",
  "pk": 3,
  "fields": {
    "name": "Service Revenue",
    "description": null,
    "sim": 1,
    "attributes": "[]",
    "unit_type": 9,
    "minimum": null,
    "deliver_date": null,
    "display_pos_x": 1452.0,
    "display_pos_y": 822.0
  }
},
{
  "model": "merlin_api.output",
  "pk": 4,
  "fields": {
    "name": "Budgetary Surplus",
    "description": null,
    "sim": 1,
    "attributes": "[]",
    "unit_type": 7,
    "minimum": null,
    "deliver_date": null,
    "display_pos_x": 1452.0,
    "display_pos_y": 571.0
  }
},
{
  "model": "merlin_api.output",
  "pk": 5,
  "fields": {
    "name": "Operational Surplus",
    "description": null,
    "sim": 2,
    "attributes": "[]",
    "unit_type": 25,
    "minimum": null,
    "deliver_date": null,
    "display_pos_x": 1460.0,
    "display_pos_y": 774.0
  }
},
{
  "model": "merlin_api.output",
  "pk": 6,
  "fields": {
    "name": "Service Revenue",
    "description": null,
    "sim": 2,
    "attributes": "[]",
    "unit_type": 23,
    "minimum": null,
    "deliver_date": null,
    "display_pos_x": 1462.0,
    "display_pos_y": 603.0
  }
},
{
  "model": "merlin_api.output",
  "pk": 7,
  "fields": {
    "name": "Budgetary Surplus",
    "description": null,
    "sim": 2,
    "attributes": "[]",
    "unit_type": 20,
    "minimum": null,
    "deliver_date": null,
    "display_pos_x": 1464.0,
    "display_pos_y": 900.0
  }
},
{
  "model": "merlin_api.output",
  "pk": 8,
  "fields": {
    "name": "Additional Files Stored",
    "description": null,
    "sim": 2,
    "attributes": "[]",
    "unit_type": 22,
    "minimum": 10000.0,
    "deliver_date": null,
    "display_pos_x": 1457.0,
    "display_pos_y": 464.0
  }
},
{
  "model": "merlin_api.output",
  "pk": 9,
  "fields": {
    "name": "Operational Surplus",
    "description": null,
    "sim": 3,
    "attributes": "[]",
    "unit_type": 39,
    "minimum": null,
    "deliver_date": null,
    "display_pos_x": 1446.0,
    "display_pos_y": 765.0
  }
},
{
  "model": "merlin_api.output",
  "pk": 10,
  "fields": {
    "name": "Budgetary Surplus",
    "description": null,
    "sim": 3,
    "attributes": "[]",
    "unit_type": 34,
    "minimum": null,
    "deliver_date": null,
    "display_pos_x": 1445.0,
    "display_pos_y": 885.0
  }
},
{
  "model": "merlin_api.output",
  "pk": 11,
  "fields": {
    "name": "Applications Processed",
    "description": null,
    "sim": 3,
    "attributes": "[]",
    "unit_type": 37,
    "minimum": 30000.0,
    "deliver_date": null,
    "display_pos_x": 1447.0,
    "display_pos_y": 492.0
  }
},
{
  "model": "merlin_api.output",
  "pk": 12,
  "fields": {
    "name": "Service Revenue",
    "description": null,
    "sim": 3,
    "attributes": "[]",
    "unit_type": 36,
    "minimum": null,
    "deliver_date": null,
    "display_pos_x": 1444.0,
    "display_pos_y": 624.0
  }
},
{
  "model": "merlin_api.entity",
  "pk": 1,
  "fields": {
    "name": "Budgeted \u2013 Rent Expenses",
    "description": null,
    "sim": 1,
    "attributes": "[\"budget\"]",
    "parent": 6,
    "is_source": true,
    "display_pos_x": 40.0,
    "display_pos_y": 764.0
  }
},
{
  "model": "merlin_api.entity",
  "pk": 2,
  "fields": {
    "name": "External Desktop Service",
    "description": null,
    "sim": 1,
    "attributes": "[\"external capability\"]",
    "parent": 6,
    "is_source": false,
    "display_pos_x": 966.0,
    "display_pos_y": 204.0
  }
},
{
  "model": "merlin_api.entity",
  "pk": 3,
  "fields": {
    "name": "Staff Accommodation",
    "description": null,
    "sim": 1,
    "attributes": "[\"resource\"]",
    "parent": 6,
    "is_source": false,
    "display_pos_x": 258.0,
    "display_pos_y": 342.0
  }
},
{
  "model": "merlin_api.entity",
  "pk": 4,
  "fields": {
    "name": "In-house Desktop Service",
    "description": null,
    "sim": 1,
    "attributes": "[\"asset\"]",
    "parent": 6,
    "is_source": false,
    "display_pos_x": 720.0,
    "display_pos_y": 207.0
  }
},
{
  "model": "merlin_api.entity",
  "pk": 5,
  "fields": {
    "name": "Budgeted \u2013 Staff Expenses",
    "description": null,
    "sim": 1,
    "attributes": "[\"budget\"]",
    "parent": 6,
    "is_source": true,
    "display_pos_x": 37.0,
    "display_pos_y": 298.0
  }
},
{
  "model": "merlin_api.entity",
  "pk": 6,
  "fields": {
    "name": "Registration Service using DaaS",
    "description": null,
    "sim": 1,
    "attributes": "[\"service\"]",
    "parent": 10,
    "is_source": false,
    "display_pos_x": 238.0,
    "display_pos_y": 118.0
  }
},
{
  "model": "merlin_api.entity",
  "pk": 7,
  "fields": {
    "name": "Budgeted \u2013 Other Expenses",
    "description": null,
    "sim": 1,
    "attributes": "[\"budget\"]",
    "parent": 6,
    "is_source": true,
    "display_pos_x": 37.0,
    "display_pos_y": 530.0
  }
},
{
  "model": "merlin_api.entity",
  "pk": 8,
  "fields": {
    "name": "Registration Service",
    "description": null,
    "sim": 1,
    "attributes": "[\"asset\"]",
    "parent": 6,
    "is_source": false,
    "display_pos_x": 1198.0,
    "display_pos_y": 274.0
  }
},
{
  "model": "merlin_api.entity",
  "pk": 9,
  "fields": {
    "name": "Staff",
    "description": null,
    "sim": 1,
    "attributes": "[\"resource\"]",
    "parent": 6,
    "is_source": false,
    "display_pos_x": 491.0,
    "display_pos_y": 193.0
  }
},
{
  "model": "merlin_api.entity",
  "pk": 10,
  "fields": {
    "name": "Registration Services Branch",
    "description": null,
    "sim": 1,
    "attributes": "[\"branch\"]",
    "parent": null,
    "is_source": false,
    "display_pos_x": 44.0,
    "display_pos_y": 123.0
  }
},
{
  "model": "merlin_api.entity",
  "pk": 11,
  "fields": {
    "name": "Budgeted \u2013 Rent Expenses",
    "description": null,
    "sim": 2,
    "attributes": "[\"budget\"]",
    "parent": 13,
    "is_source": true,
    "display_pos_x": 61.0,
    "display_pos_y": 813.0
  }
},
{
  "model": "merlin_api.entity",
  "pk": 12,
  "fields": {
    "name": "Staff",
    "description": null,
    "sim": 2,
    "attributes": "[\"resource\"]",
    "parent": 13,
    "is_source": false,
    "display_pos_x": 623.0,
    "display_pos_y": 217.0
  }
},
{
  "model": "merlin_api.entity",
  "pk": 13,
  "fields": {
    "name": "Storage Service",
    "description": null,
    "sim": 2,
    "attributes": "[\"service\"]",
    "parent": 16,
    "is_source": false,
    "display_pos_x": 262.0,
    "display_pos_y": 156.0
  }
},
{
  "model": "merlin_api.entity",
  "pk": 14,
  "fields": {
    "name": "File Logistics",
    "description": null,
    "sim": 2,
    "attributes": "[\"external capability\"]",
    "parent": 13,
    "is_source": false,
    "display_pos_x": 876.0,
    "display_pos_y": 250.0
  }
},
{
  "model": "merlin_api.entity",
  "pk": 15,
  "fields": {
    "name": "Budgeted \u2013 Other Expenses",
    "description": null,
    "sim": 2,
    "attributes": "[\"budget\"]",
    "parent": 13,
    "is_source": true,
    "display_pos_x": 64.0,
    "display_pos_y": 548.0
  }
},
{
  "model": "merlin_api.entity",
  "pk": 16,
  "fields": {
    "name": "Information Services Branch",
    "description": null,
    "sim": 2,
    "attributes": "[\"branch\"]",
    "parent": null,
    "is_source": false,
    "display_pos_x": 69.0,
    "display_pos_y": 145.0
  }
},
{
  "model": "merlin_api.entity",
  "pk": 17,
  "fields": {
    "name": "Staff Accommodation",
    "description": null,
    "sim": 2,
    "attributes": "[\"resource\"]",
    "parent": 13,
    "is_source": false,
    "display_pos_x": 344.0,
    "display_pos_y": 355.0
  }
},
{
  "model": "merlin_api.entity",
  "pk": 18,
  "fields": {
    "name": "Storage Service",
    "description": null,
    "sim": 2,
    "attributes": "[\"asset\"]",
    "parent": 13,
    "is_source": false,
    "display_pos_x": 1163.0,
    "display_pos_y": 283.0
  }
},
{
  "model": "merlin_api.entity",
  "pk": 19,
  "fields": {
    "name": "Budgeted \u2013 Staff Expenses",
    "description": null,
    "sim": 2,
    "attributes": "[\"budget\"]",
    "parent": 13,
    "is_source": true,
    "display_pos_x": 61.0,
    "display_pos_y": 296.0
  }
},
{
  "model": "merlin_api.entity",
  "pk": 20,
  "fields": {
    "name": "Budgeted \u2013 Staff Expenses",
    "description": null,
    "sim": 3,
    "attributes": "[\"budget\"]",
    "parent": 24,
    "is_source": true,
    "display_pos_x": 27.0,
    "display_pos_y": 772.0
  }
},
{
  "model": "merlin_api.entity",
  "pk": 21,
  "fields": {
    "name": "Staff Accommodation",
    "description": null,
    "sim": 3,
    "attributes": "[\"resource\"]",
    "parent": 24,
    "is_source": false,
    "display_pos_x": 341.0,
    "display_pos_y": 241.0
  }
},
{
  "model": "merlin_api.entity",
  "pk": 22,
  "fields": {
    "name": "Registration Services Branch",
    "description": null,
    "sim": 3,
    "attributes": "[\"branch\"]",
    "parent": null,
    "is_source": false,
    "display_pos_x": 46.0,
    "display_pos_y": 121.0
  }
},
{
  "model": "merlin_api.entity",
  "pk": 23,
  "fields": {
    "name": "Budgeted \u2013 Other Expenses",
    "description": null,
    "sim": 3,
    "attributes": "[\"budget\"]",
    "parent": 24,
    "is_source": true,
    "display_pos_x": 31.0,
    "display_pos_y": 547.0
  }
},
{
  "model": "merlin_api.entity",
  "pk": 24,
  "fields": {
    "name": "Registration Service",
    "description": null,
    "sim": 3,
    "attributes": "[\"service\"]",
    "parent": 22,
    "is_source": false,
    "display_pos_x": 254.0,
    "display_pos_y": 114.0
  }
},
{
  "model": "merlin_api.entity",
  "pk": 25,
  "fields": {
    "name": "In-house Desktop Service",
    "description": null,
    "sim": 3,
    "attributes": "[\"asset\"]",
    "parent": 24,
    "is_source": false,
    "display_pos_x": 879.0,
    "display_pos_y": 187.0
  }
},
{
  "model": "merlin_api.entity",
  "pk": 26,
  "fields": {
    "name": "Budgeted \u2013 Rent Expenses",
    "description": null,
    "sim": 3,
    "attributes": "[\"budget\"]",
    "parent": 24,
    "is_source": true,
    "display_pos_x": 33.0,
    "display_pos_y": 316.0
  }
},
{
  "model": "merlin_api.entity",
  "pk": 27,
  "fields": {
    "name": "Staff",
    "description": null,
    "sim": 3,
    "attributes": "[\"resource\"]",
    "parent": 24,
    "is_source": false,
    "display_pos_x": 571.0,
    "display_pos_y": 178.0
  }
},
{
  "model": "merlin_api.entity",
  "pk": 28,
  "fields": {
    "name": "Registration Service",
    "description": null,
    "sim": 3,
    "attributes": "[\"asset\"]",
    "parent": 24,
    "is_source": false,
    "display_pos_x": 1144.0,
    "display_pos_y": 270.0
  }
},
{
  "model": "merlin_api.outputconnector",
  "pk": 1,
  "fields": {
    "name": "rent$_output",
    "description": "$",
    "unit_type": 13,
    "parent": 1,
    "apportion_rule": 2
  }
},
{
  "model": "merlin_api.outputconnector",
  "pk": 2,
  "fields": {
    "name": "desktop#_output",
    "description": "desktops provided",
    "unit_type": 5,
    "parent": 2,
    "apportion_rule": 2
  }
},
{
  "model": "merlin_api.outputconnector",
  "pk": 3,
  "fields": {
    "name": "surplus$_output",
    "description": "budget_surplus",
    "unit_type": 7,
    "parent": 2,
    "apportion_rule": 2
  }
},
{
  "model": "merlin_api.outputconnector",
  "pk": 4,
  "fields": {
    "name": "ITexpense$_output",
    "description": "IT expenses",
    "unit_type": 11,
    "parent": 2,
    "apportion_rule": 2
  }
},
{
  "model": "merlin_api.outputconnector",
  "pk": 5,
  "fields": {
    "name": "OH_work_hr_output",
    "description": "remaining OH work hours",
    "unit_type": 2,
    "parent": 2,
    "apportion_rule": 2
  }
},
{
  "model": "merlin_api.outputconnector",
  "pk": 6,
  "fields": {
    "name": "accommodationExpense$_output",
    "description": "rent expenses",
    "unit_type": 3,
    "parent": 3,
    "apportion_rule": 2
  }
},
{
  "model": "merlin_api.outputconnector",
  "pk": 7,
  "fields": {
    "name": "surplus$_output",
    "description": "budgetary surplus",
    "unit_type": 7,
    "parent": 3,
    "apportion_rule": 2
  }
},
{
  "model": "merlin_api.outputconnector",
  "pk": 8,
  "fields": {
    "name": "workspace#_output",
    "description": "staff accommodated",
    "unit_type": 14,
    "parent": 3,
    "apportion_rule": 2
  }
},
{
  "model": "merlin_api.outputconnector",
  "pk": 9,
  "fields": {
    "name": "ITexpense$_output",
    "description": "IT expenses",
    "unit_type": 11,
    "parent": 4,
    "apportion_rule": 2
  }
},
{
  "model": "merlin_api.outputconnector",
  "pk": 10,
  "fields": {
    "name": "surplus$_output",
    "description": "budgetary surplus",
    "unit_type": 7,
    "parent": 4,
    "apportion_rule": 2
  }
},
{
  "model": "merlin_api.outputconnector",
  "pk": 11,
  "fields": {
    "name": "desktop#_output",
    "description": "desktops provided",
    "unit_type": 5,
    "parent": 4,
    "apportion_rule": 2
  }
},
{
  "model": "merlin_api.outputconnector",
  "pk": 12,
  "fields": {
    "name": "LS_work_hr_output",
    "description": "remaining line staff work hrs",
    "unit_type": 4,
    "parent": 4,
    "apportion_rule": 2
  }
},
{
  "model": "merlin_api.outputconnector",
  "pk": 13,
  "fields": {
    "name": "staff$_output",
    "description": "$",
    "unit_type": 6,
    "parent": 5,
    "apportion_rule": 2
  }
},
{
  "model": "merlin_api.outputconnector",
  "pk": 14,
  "fields": {
    "name": "other$_output",
    "description": "$",
    "unit_type": 1,
    "parent": 7,
    "apportion_rule": 2
  }
},
{
  "model": "merlin_api.outputconnector",
  "pk": 15,
  "fields": {
    "name": "opsurplus$_output",
    "description": "Operational Surplus",
    "unit_type": 12,
    "parent": 8,
    "apportion_rule": 2
  }
},
{
  "model": "merlin_api.outputconnector",
  "pk": 16,
  "fields": {
    "name": "revenue$_output",
    "description": "Service Revenue",
    "unit_type": 9,
    "parent": 8,
    "apportion_rule": 2
  }
},
{
  "model": "merlin_api.outputconnector",
  "pk": 17,
  "fields": {
    "name": "appl#_output",
    "description": "Applications Processed",
    "unit_type": 10,
    "parent": 8,
    "apportion_rule": 2
  }
},
{
  "model": "merlin_api.outputconnector",
  "pk": 18,
  "fields": {
    "name": "OH_work_hr_output",
    "description": "Overhead work hrs",
    "unit_type": 2,
    "parent": 9,
    "apportion_rule": 2
  }
},
{
  "model": "merlin_api.outputconnector",
  "pk": 19,
  "fields": {
    "name": "LS_work_hr_output",
    "description": "Line staff work hrs",
    "unit_type": 4,
    "parent": 9,
    "apportion_rule": 2
  }
},
{
  "model": "merlin_api.outputconnector",
  "pk": 20,
  "fields": {
    "name": "surplus$_output",
    "description": "Budgetary Surplus",
    "unit_type": 7,
    "parent": 9,
    "apportion_rule": 2
  }
},
{
  "model": "merlin_api.outputconnector",
  "pk": 21,
  "fields": {
    "name": "staffExpense$_output",
    "description": "Staff Expenses",
    "unit_type": 8,
    "parent": 9,
    "apportion_rule": 2
  }
},
{
  "model": "merlin_api.outputconnector",
  "pk": 22,
  "fields": {
    "name": "rent$_output",
    "description": "$",
    "unit_type": 26,
    "parent": 11,
    "apportion_rule": 2
  }
},
{
  "model": "merlin_api.outputconnector",
  "pk": 23,
  "fields": {
    "name": "OH_work_hr_output",
    "description": "Overhead work hrs",
    "unit_type": 16,
    "parent": 12,
    "apportion_rule": 2
  }
},
{
  "model": "merlin_api.outputconnector",
  "pk": 24,
  "fields": {
    "name": "staffExpense$_output",
    "description": "Staff Expenses",
    "unit_type": 19,
    "parent": 12,
    "apportion_rule": 2
  }
},
{
  "model": "merlin_api.outputconnector",
  "pk": 25,
  "fields": {
    "name": "surplus$_output",
    "description": "Budgetary Surplus",
    "unit_type": 20,
    "parent": 12,
    "apportion_rule": 2
  }
},
{
  "model": "merlin_api.outputconnector",
  "pk": 26,
  "fields": {
    "name": "LS_work_hr_output",
    "description": "Line staff work hrs",
    "unit_type": 24,
    "parent": 12,
    "apportion_rule": 2
  }
},
{
  "model": "merlin_api.outputconnector",
  "pk": 27,
  "fields": {
    "name": "other$_output",
    "description": "budgetary surplus",
    "unit_type": 15,
    "parent": 14,
    "apportion_rule": 2
  }
},
{
  "model": "merlin_api.outputconnector",
  "pk": 28,
  "fields": {
    "name": "file#_output",
    "description": "files handled",
    "unit_type": 22,
    "parent": 14,
    "apportion_rule": 2
  }
},
{
  "model": "merlin_api.outputconnector",
  "pk": 29,
  "fields": {
    "name": "logisticExpense$_output",
    "description": "monthly logistics costs",
    "unit_type": 21,
    "parent": 14,
    "apportion_rule": 2
  }
},
{
  "model": "merlin_api.outputconnector",
  "pk": 30,
  "fields": {
    "name": "other$_output",
    "description": "$",
    "unit_type": 15,
    "parent": 15,
    "apportion_rule": 2
  }
},
{
  "model": "merlin_api.outputconnector",
  "pk": 31,
  "fields": {
    "name": "workspace#_output",
    "description": "staff accommodated",
    "unit_type": 27,
    "parent": 17,
    "apportion_rule": 2
  }
},
{
  "model": "merlin_api.outputconnector",
  "pk": 32,
  "fields": {
    "name": "accommodationExpense$_output",
    "description": "rent expenses",
    "unit_type": 17,
    "parent": 17,
    "apportion_rule": 2
  }
},
{
  "model": "merlin_api.outputconnector",
  "pk": 33,
  "fields": {
    "name": "surplus$_output",
    "description": "budgetary surplus",
    "unit_type": 20,
    "parent": 17,
    "apportion_rule": 2
  }
},
{
  "model": "merlin_api.outputconnector",
  "pk": 34,
  "fields": {
    "name": "file#_output",
    "description": "Additional Files Stored",
    "unit_type": 22,
    "parent": 18,
    "apportion_rule": 2
  }
},
{
  "model": "merlin_api.outputconnector",
  "pk": 35,
  "fields": {
    "name": "revenue$_output",
    "description": "Service Revenue",
    "unit_type": 23,
    "parent": 18,
    "apportion_rule": 2
  }
},
{
  "model": "merlin_api.outputconnector",
  "pk": 36,
  "fields": {
    "name": "surplus$_output",
    "description": "Budgetary Surplus",
    "unit_type": 20,
    "parent": 18,
    "apportion_rule": 2
  }
},
{
  "model": "merlin_api.outputconnector",
  "pk": 37,
  "fields": {
    "name": "opsurplus$_output",
    "description": "Operational Surplus",
    "unit_type": 25,
    "parent": 18,
    "apportion_rule": 2
  }
},
{
  "model": "merlin_api.outputconnector",
  "pk": 38,
  "fields": {
    "name": "staff$_output",
    "description": "$",
    "unit_type": 18,
    "parent": 19,
    "apportion_rule": 2
  }
},
{
  "model": "merlin_api.outputconnector",
  "pk": 39,
  "fields": {
    "name": "staff$_output",
    "description": "$",
    "unit_type": 33,
    "parent": 20,
    "apportion_rule": 2
  }
},
{
  "model": "merlin_api.outputconnector",
  "pk": 40,
  "fields": {
    "name": "workspace#_output",
    "description": "staff accommodated",
    "unit_type": 41,
    "parent": 21,
    "apportion_rule": 2
  }
},
{
  "model": "merlin_api.outputconnector",
  "pk": 41,
  "fields": {
    "name": "surplus$_output",
    "description": "budgetary surplus",
    "unit_type": 34,
    "parent": 21,
    "apportion_rule": 2
  }
},
{
  "model": "merlin_api.outputconnector",
  "pk": 42,
  "fields": {
    "name": "accommodationExpense$_output",
    "description": "rent expenses",
    "unit_type": 30,
    "parent": 21,
    "apportion_rule": 2
  }
},
{
  "model": "merlin_api.outputconnector",
  "pk": 43,
  "fields": {
    "name": "other$_output",
    "description": "$",
    "unit_type": 28,
    "parent": 23,
    "apportion_rule": 2
  }
},
{
  "model": "merlin_api.outputconnector",
  "pk": 44,
  "fields": {
    "name": "ITexpense$_output",
    "description": "IT expenses",
    "unit_type": 31,
    "parent": 25,
    "apportion_rule": 2
  }
},
{
  "model": "merlin_api.outputconnector",
  "pk": 45,
  "fields": {
    "name": "surplus$_output",
    "description": "budgetary surplus",
    "unit_type": 34,
    "parent": 25,
    "apportion_rule": 2
  }
},
{
  "model": "merlin_api.outputconnector",
  "pk": 46,
  "fields": {
    "name": "desktop#_output",
    "description": "desktops provided",
    "unit_type": 32,
    "parent": 25,
    "apportion_rule": 2
  }
},
{
  "model": "merlin_api.outputconnector",
  "pk": 47,
  "fields": {
    "name": "LS_work_hr_output",
    "description": "remaining line staff work hrs",
    "unit_type": 38,
    "parent": 25,
    "apportion_rule": 2
  }
},
{
  "model": "merlin_api.outputconnector",
  "pk": 48,
  "fields": {
    "name": "rent$_output",
    "description": "$",
    "unit_type": 40,
    "parent": 26,
    "apportion_rule": 2
  }
},
{
  "model": "merlin_api.outputconnector",
  "pk": 49,
  "fields": {
    "name": "surplus$_output",
    "description": "Budgetary Surplus",
    "unit_type": 34,
    "parent": 27,
    "apportion_rule": 2
  }
},
{
  "model": "merlin_api.outputconnector",
  "pk": 50,
  "fields": {
    "name": "LS_work_hr_output",
    "description": "Line staff work hrs",
    "unit_type": 38,
    "parent": 27,
    "apportion_rule": 2
  }
},
{
  "model": "merlin_api.outputconnector",
  "pk": 51,
  "fields": {
    "name": "staffExpense$_output",
    "description": "Staff Expenses",
    "unit_type": 35,
    "parent": 27,
    "apportion_rule": 2
  }
},
{
  "model": "merlin_api.outputconnector",
  "pk": 52,
  "fields": {
    "name": "OH_work_hr_output",
    "description": "Overhead work hrs",
    "unit_type": 29,
    "parent": 27,
    "apportion_rule": 2
  }
},
{
  "model": "merlin_api.outputconnector",
  "pk": 53,
  "fields": {
    "name": "appl#_output",
    "description": "Applications Processed",
    "unit_type": 37,
    "parent": 28,
    "apportion_rule": 2
  }
},
{
  "model": "merlin_api.outputconnector",
  "pk": 54,
  "fields": {
    "name": "revenue$_output",
    "description": "Service Revenue",
    "unit_type": 36,
    "parent": 28,
    "apportion_rule": 2
  }
},
{
  "model": "merlin_api.outputconnector",
  "pk": 55,
  "fields": {
    "name": "opsurplus$_output",
    "description": "Operational Surplus",
    "unit_type": 39,
    "parent": 28,
    "apportion_rule": 2
  }
},
{
  "model": "merlin_api.inputconnector",
  "pk": 1,
  "fields": {
    "name": "OH_work_hr_input",
    "description": "overhead_staff_work_hr",
    "unit_type": 2,
    "source": 18,
    "additive_write": false,
    "parent": 2
  }
},
{
  "model": "merlin_api.inputconnector",
  "pk": 2,
  "fields": {
    "name": "ITexpense$_input",
    "description": "IT expenses other providers",
    "unit_type": 11,
    "source": 9,
    "additive_write": false,
    "parent": 2
  }
},
{
  "model": "merlin_api.inputconnector",
  "pk": 3,
  "fields": {
    "name": "desktop#_input",
    "description": "desktops from other providers",
    "unit_type": 5,
    "source": 11,
    "additive_write": false,
    "parent": 2
  }
},
{
  "model": "merlin_api.inputconnector",
  "pk": 4,
  "fields": {
    "name": "surplus$_input",
    "description": "contract_budget",
    "unit_type": 7,
    "source": 10,
    "additive_write": false,
    "parent": 2
  }
},
{
  "model": "merlin_api.inputconnector",
  "pk": 5,
  "fields": {
    "name": "rent$_input",
    "description": "rent expenses",
    "unit_type": 13,
    "source": 1,
    "additive_write": false,
    "parent": 3
  }
},
{
  "model": "merlin_api.inputconnector",
  "pk": 6,
  "fields": {
    "name": "other$_input",
    "description": "IT budget",
    "unit_type": 1,
    "source": 14,
    "additive_write": false,
    "parent": 4
  }
},
{
  "model": "merlin_api.inputconnector",
  "pk": 7,
  "fields": {
    "name": "LS_work_hr_input",
    "description": "line staff work hrs",
    "unit_type": 4,
    "source": 19,
    "additive_write": false,
    "parent": 4
  }
},
{
  "model": "merlin_api.inputconnector",
  "pk": 8,
  "fields": {
    "name": "staffExpense$_input",
    "description": "Staff Expenses",
    "unit_type": 8,
    "source": 21,
    "additive_write": false,
    "parent": 8
  }
},
{
  "model": "merlin_api.inputconnector",
  "pk": 9,
  "fields": {
    "name": "accommodationExpense$_input",
    "description": "Accommodation Expenses",
    "unit_type": 3,
    "source": 6,
    "additive_write": false,
    "parent": 8
  }
},
{
  "model": "merlin_api.inputconnector",
  "pk": 10,
  "fields": {
    "name": "desktop#_input",
    "description": "desktops provided",
    "unit_type": 5,
    "source": 2,
    "additive_write": false,
    "parent": 8
  }
},
{
  "model": "merlin_api.inputconnector",
  "pk": 11,
  "fields": {
    "name": "ITexpense$_input",
    "description": "IT Expenses",
    "unit_type": 11,
    "source": 4,
    "additive_write": false,
    "parent": 8
  }
},
{
  "model": "merlin_api.inputconnector",
  "pk": 12,
  "fields": {
    "name": "LS_work_hr_input",
    "description": "line staff work hours",
    "unit_type": 4,
    "source": 12,
    "additive_write": false,
    "parent": 8
  }
},
{
  "model": "merlin_api.inputconnector",
  "pk": 13,
  "fields": {
    "name": "staff$_input",
    "description": "Staff Budget",
    "unit_type": 6,
    "source": 13,
    "additive_write": false,
    "parent": 9
  }
},
{
  "model": "merlin_api.inputconnector",
  "pk": 14,
  "fields": {
    "name": "workspace#_input",
    "description": "Workplaces Available",
    "unit_type": 14,
    "source": 8,
    "additive_write": false,
    "parent": 9
  }
},
{
  "model": "merlin_api.inputconnector",
  "pk": 15,
  "fields": {
    "name": "staff$_input",
    "description": "Staff Budget",
    "unit_type": 18,
    "source": 38,
    "additive_write": false,
    "parent": 12
  }
},
{
  "model": "merlin_api.inputconnector",
  "pk": 16,
  "fields": {
    "name": "workspace#_input",
    "description": "Workplaces Available",
    "unit_type": 27,
    "source": 31,
    "additive_write": false,
    "parent": 12
  }
},
{
  "model": "merlin_api.inputconnector",
  "pk": 17,
  "fields": {
    "name": "other$_input",
    "description": "Monthly Contract Budget",
    "unit_type": 15,
    "source": 30,
    "additive_write": false,
    "parent": 14
  }
},
{
  "model": "merlin_api.inputconnector",
  "pk": 18,
  "fields": {
    "name": "OH_work_hr_input",
    "description": "overhead staff work hrs",
    "unit_type": 16,
    "source": 23,
    "additive_write": false,
    "parent": 14
  }
},
{
  "model": "merlin_api.inputconnector",
  "pk": 19,
  "fields": {
    "name": "rent$_input",
    "description": "rent expenses",
    "unit_type": 26,
    "source": 22,
    "additive_write": false,
    "parent": 17
  }
},
{
  "model": "merlin_api.inputconnector",
  "pk": 20,
  "fields": {
    "name": "staffExpense$_input",
    "description": "staff expenses",
    "unit_type": 19,
    "source": 24,
    "additive_write": false,
    "parent": 18
  }
},
{
  "model": "merlin_api.inputconnector",
  "pk": 21,
  "fields": {
    "name": "accommodationExpense$_input",
    "description": "accommodation expenses",
    "unit_type": 17,
    "source": 32,
    "additive_write": false,
    "parent": 18
  }
},
{
  "model": "merlin_api.inputconnector",
  "pk": 22,
  "fields": {
    "name": "other$_input",
    "description": "monthly operational budget",
    "unit_type": 15,
    "source": 27,
    "additive_write": false,
    "parent": 18
  }
},
{
  "model": "merlin_api.inputconnector",
  "pk": 23,
  "fields": {
    "name": "LS_work_hr_input",
    "description": "monthly line staff work hrs",
    "unit_type": 24,
    "source": 26,
    "additive_write": false,
    "parent": 18
  }
},
{
  "model": "merlin_api.inputconnector",
  "pk": 24,
  "fields": {
    "name": "file#_input",
    "description": "file count",
    "unit_type": 22,
    "source": 28,
    "additive_write": false,
    "parent": 18
  }
},
{
  "model": "merlin_api.inputconnector",
  "pk": 25,
  "fields": {
    "name": "logisticExpense$_input",
    "description": "logistics expenses",
    "unit_type": 21,
    "source": 29,
    "additive_write": false,
    "parent": 18
  }
},
{
  "model": "merlin_api.inputconnector",
  "pk": 26,
  "fields": {
    "name": "rent$_input",
    "description": "rent expenses",
    "unit_type": 40,
    "source": 48,
    "additive_write": false,
    "parent": 21
  }
},
{
  "model": "merlin_api.inputconnector",
  "pk": 27,
  "fields": {
    "name": "other$_input",
    "description": "IT budget",
    "unit_type": 28,
    "source": 43,
    "additive_write": false,
    "parent": 25
  }
},
{
  "model": "merlin_api.inputconnector",
  "pk": 28,
  "fields": {
    "name": "LS_work_hr_input",
    "description": "line staff work hrs",
    "unit_type": 38,
    "source": 50,
    "additive_write": false,
    "parent": 25
  }
},
{
  "model": "merlin_api.inputconnector",
  "pk": 29,
  "fields": {
    "name": "staff$_input",
    "description": "Staff Budget",
    "unit_type": 33,
    "source": 39,
    "additive_write": false,
    "parent": 27
  }
},
{
  "model": "merlin_api.inputconnector",
  "pk": 30,
  "fields": {
    "name": "workspace#_input",
    "description": "Workplaces Available",
    "unit_type": 41,
    "source": 40,
    "additive_write": false,
    "parent": 27
  }
},
{
  "model": "merlin_api.inputconnector",
  "pk": 31,
  "fields": {
    "name": "desktop#_input",
    "description": "desktops provided",
    "unit_type": 32,
    "source": 46,
    "additive_write": false,
    "parent": 28
  }
},
{
  "model": "merlin_api.inputconnector",
  "pk": 32,
  "fields": {
    "name": "accommodationExpense$_input",
    "description": "Accommodation Expenses",
    "unit_type": 30,
    "source": 42,
    "additive_write": false,
    "parent": 28
  }
},
{
  "model": "merlin_api.inputconnector",
  "pk": 33,
  "fields": {
    "name": "ITexpense$_input",
    "description": "IT Expenses",
    "unit_type": 31,
    "source": 44,
    "additive_write": false,
    "parent": 28
  }
},
{
  "model": "merlin_api.inputconnector",
  "pk": 34,
  "fields": {
    "name": "staffExpense$_input",
    "description": "Staff Expenses",
    "unit_type": 35,
    "source": 51,
    "additive_write": false,
    "parent": 28
  }
},
{
  "model": "merlin_api.inputconnector",
  "pk": 35,
  "fields": {
    "name": "LS_work_hr_input",
    "description": "line staff work hours",
    "unit_type": 38,
    "source": 47,
    "additive_write": false,
    "parent": 28
  }
},
{
  "model": "merlin_api.simoutputconnector",
  "pk": 1,
  "fields": {
    "name": "opsurplus$_input_from_191748710705418410697919371617631011129",
    "description": "",
    "source": 15,
    "additive_write": false,
    "unit_type": 12,
    "parent": 1
  }
},
{
  "model": "merlin_api.simoutputconnector",
  "pk": 2,
  "fields": {
    "name": "appl#_input_from_191748710705418410697919371617631011129",
    "description": "",
    "source": 17,
    "additive_write": false,
    "unit_type": 10,
    "parent": 2
  }
},
{
  "model": "merlin_api.simoutputconnector",
  "pk": 3,
  "fields": {
    "name": "revenue$_input_from_191748710705418410697919371617631011129",
    "description": "",
    "source": 16,
    "additive_write": false,
    "unit_type": 9,
    "parent": 3
  }
},
{
  "model": "merlin_api.simoutputconnector",
  "pk": 4,
  "fields": {
    "name": "surplus$_input_from_37119035831107511976339202432772333856",
    "description": "",
    "source": 20,
    "additive_write": false,
    "unit_type": 7,
    "parent": 4
  }
},
{
  "model": "merlin_api.simoutputconnector",
  "pk": 5,
  "fields": {
    "name": "surplus$_input_from_197155065478415857808668987847508235590",
    "description": "",
    "source": 7,
    "additive_write": false,
    "unit_type": 7,
    "parent": 4
  }
},
{
  "model": "merlin_api.simoutputconnector",
  "pk": 6,
  "fields": {
    "name": "surplus$_input_from_33066760487927713503797439068881710803",
    "description": "",
    "source": 3,
    "additive_write": false,
    "unit_type": 7,
    "parent": 4
  }
},
{
  "model": "merlin_api.simoutputconnector",
  "pk": 7,
  "fields": {
    "name": "opsurplus$_input_from_129078153047830940715402608483592926988",
    "description": "",
    "source": 37,
    "additive_write": false,
    "unit_type": 25,
    "parent": 5
  }
},
{
  "model": "merlin_api.simoutputconnector",
  "pk": 8,
  "fields": {
    "name": "revenue$_input_from_129078153047830940715402608483592926988",
    "description": "",
    "source": 35,
    "additive_write": false,
    "unit_type": 23,
    "parent": 6
  }
},
{
  "model": "merlin_api.simoutputconnector",
  "pk": 9,
  "fields": {
    "name": "surplus$_input_from_307162459443392907272563879316708366623",
    "description": "",
    "source": 33,
    "additive_write": false,
    "unit_type": 20,
    "parent": 7
  }
},
{
  "model": "merlin_api.simoutputconnector",
  "pk": 10,
  "fields": {
    "name": "surplus$_input_from_129078153047830940715402608483592926988",
    "description": "",
    "source": 36,
    "additive_write": false,
    "unit_type": 20,
    "parent": 7
  }
},
{
  "model": "merlin_api.simoutputconnector",
  "pk": 11,
  "fields": {
    "name": "surplus$_input_from_298434121318456346860514031063546948738",
    "description": "",
    "source": 25,
    "additive_write": false,
    "unit_type": 20,
    "parent": 7
  }
},
{
  "model": "merlin_api.simoutputconnector",
  "pk": 12,
  "fields": {
    "name": "file#_input_from_129078153047830940715402608483592926988",
    "description": "",
    "source": 34,
    "additive_write": false,
    "unit_type": 22,
    "parent": 8
  }
},
{
  "model": "merlin_api.simoutputconnector",
  "pk": 13,
  "fields": {
    "name": "opsurplus$_input_from_54671774783921401646193321034386286611",
    "description": "",
    "source": 55,
    "additive_write": false,
    "unit_type": 39,
    "parent": 9
  }
},
{
  "model": "merlin_api.simoutputconnector",
  "pk": 14,
  "fields": {
    "name": "surplus$_input_from_157397107840160972927825872573313887735",
    "description": "",
    "source": 41,
    "additive_write": false,
    "unit_type": 34,
    "parent": 10
  }
},
{
  "model": "merlin_api.simoutputconnector",
  "pk": 15,
  "fields": {
    "name": "surplus$_input_from_278302797404543278149603957894745839979",
    "description": "",
    "source": 45,
    "additive_write": false,
    "unit_type": 34,
    "parent": 10
  }
},
{
  "model": "merlin_api.simoutputconnector",
  "pk": 16,
  "fields": {
    "name": "surplus$_input_from_182401105082001625328713865062479016770",
    "description": "",
    "source": 49,
    "additive_write": false,
    "unit_type": 34,
    "parent": 10
  }
},
{
  "model": "merlin_api.simoutputconnector",
  "pk": 17,
  "fields": {
    "name": "appl#_input_from_54671774783921401646193321034386286611",
    "description": "",
    "source": 53,
    "additive_write": false,
    "unit_type": 37,
    "parent": 11
  }
},
{
  "model": "merlin_api.simoutputconnector",
  "pk": 18,
  "fields": {
    "name": "revenue$_input_from_54671774783921401646193321034386286611",
    "description": "",
    "source": 54,
    "additive_write": false,
    "unit_type": 36,
    "parent": 12
  }
},
{
  "model": "merlin_api.endpoint",
  "pk": 1,
  "fields": {
    "name": "",
    "description": "",
    "parent": 1,
    "bias": 1.0,
    "input": 5,
    "sim_output": null
  }
},
{
  "model": "merlin_api.endpoint",
  "pk": 2,
  "fields": {
    "name": "",
    "description": "",
    "parent": 2,
    "bias": 1.0,
    "input": 10,
    "sim_output": null
  }
},
{
  "model": "merlin_api.endpoint",
  "pk": 3,
  "fields": {
    "name": "",
    "description": "",
    "parent": 3,
    "bias": 1.0,
    "input": null,
    "sim_output": 6
  }
},
{
  "model": "merlin_api.endpoint",
  "pk": 4,
  "fields": {
    "name": "",
    "description": "",
    "parent": 4,
    "bias": 1.0,
    "input": 11,
    "sim_output": null
  }
},
{
  "model": "merlin_api.endpoint",
  "pk": 5,
  "fields": {
    "name": "",
    "description": "",
    "parent": 6,
    "bias": 1.0,
    "input": 9,
    "sim_output": null
  }
},
{
  "model": "merlin_api.endpoint",
  "pk": 6,
  "fields": {
    "name": "",
    "description": "",
    "parent": 7,
    "bias": 1.0,
    "input": null,
    "sim_output": 5
  }
},
{
  "model": "merlin_api.endpoint",
  "pk": 7,
  "fields": {
    "name": "",
    "description": "",
    "parent": 8,
    "bias": 1.0,
    "input": 14,
    "sim_output": null
  }
},
{
  "model": "merlin_api.endpoint",
  "pk": 8,
  "fields": {
    "name": "",
    "description": "",
    "parent": 9,
    "bias": 1.0,
    "input": 2,
    "sim_output": null
  }
},
{
  "model": "merlin_api.endpoint",
  "pk": 9,
  "fields": {
    "name": "",
    "description": "",
    "parent": 10,
    "bias": 1.0,
    "input": 4,
    "sim_output": null
  }
},
{
  "model": "merlin_api.endpoint",
  "pk": 10,
  "fields": {
    "name": "",
    "description": "",
    "parent": 11,
    "bias": 1.0,
    "input": 3,
    "sim_output": null
  }
},
{
  "model": "merlin_api.endpoint",
  "pk": 11,
  "fields": {
    "name": "",
    "description": "",
    "parent": 12,
    "bias": 1.0,
    "input": 12,
    "sim_output": null
  }
},
{
  "model": "merlin_api.endpoint",
  "pk": 12,
  "fields": {
    "name": "",
    "description": "",
    "parent": 13,
    "bias": 1.0,
    "input": 13,
    "sim_output": null
  }
},
{
  "model": "merlin_api.endpoint",
  "pk": 13,
  "fields": {
    "name": "",
    "description": "",
    "parent": 14,
    "bias": 1.0,
    "input": 6,
    "sim_output": null
  }
},
{
  "model": "merlin_api.endpoint",
  "pk": 14,
  "fields": {
    "name": "",
    "description": "",
    "parent": 15,
    "bias": 1.0,
    "input": null,
    "sim_output": 1
  }
},
{
  "model": "merlin_api.endpoint",
  "pk": 15,
  "fields": {
    "name": "",
    "description": "",
    "parent": 16,
    "bias": 1.0,
    "input": null,
    "sim_output": 3
  }
},
{
  "model": "merlin_api.endpoint",
  "pk": 16,
  "fields": {
    "name": "",
    "description": "",
    "parent": 17,
    "bias": 1.0,
    "input": null,
    "sim_output": 2
  }
},
{
  "model": "merlin_api.endpoint",
  "pk": 17,
  "fields": {
    "name": "",
    "description": "",
    "parent": 18,
    "bias": 1.0,
    "input": 1,
    "sim_output": null
  }
},
{
  "model": "merlin_api.endpoint",
  "pk": 18,
  "fields": {
    "name": "",
    "description": "",
    "parent": 19,
    "bias": 1.0,
    "input": 7,
    "sim_output": null
  }
},
{
  "model": "merlin_api.endpoint",
  "pk": 19,
  "fields": {
    "name": "",
    "description": "",
    "parent": 20,
    "bias": 1.0,
    "input": null,
    "sim_output": 4
  }
},
{
  "model": "merlin_api.endpoint",
  "pk": 20,
  "fields": {
    "name": "",
    "description": "",
    "parent": 21,
    "bias": 1.0,
    "input": 8,
    "sim_output": null
  }
},
{
  "model": "merlin_api.endpoint",
  "pk": 21,
  "fields": {
    "name": "",
    "description": "",
    "parent": 22,
    "bias": 1.0,
    "input": 19,
    "sim_output": null
  }
},
{
  "model": "merlin_api.endpoint",
  "pk": 22,
  "fields": {
    "name": "",
    "description": "",
    "parent": 23,
    "bias": 1.0,
    "input": 18,
    "sim_output": null
  }
},
{
  "model": "merlin_api.endpoint",
  "pk": 23,
  "fields": {
    "name": "",
    "description": "",
    "parent": 24,
    "bias": 1.0,
    "input": 20,
    "sim_output": null
  }
},
{
  "model": "merlin_api.endpoint",
  "pk": 24,
  "fields": {
    "name": "",
    "description": "",
    "parent": 25,
    "bias": 1.0,
    "input": null,
    "sim_output": 11
  }
},
{
  "model": "merlin_api.endpoint",
  "pk": 25,
  "fields": {
    "name": "",
    "description": "",
    "parent": 26,
    "bias": 1.0,
    "input": 23,
    "sim_output": null
  }
},
{
  "model": "merlin_api.endpoint",
  "pk": 26,
  "fields": {
    "name": "",
    "description": "",
    "parent": 27,
    "bias": 1.0,
    "input": 22,
    "sim_output": null
  }
},
{
  "model": "merlin_api.endpoint",
  "pk": 27,
  "fields": {
    "name": "",
    "description": "",
    "parent": 28,
    "bias": 1.0,
    "input": 24,
    "sim_output": null
  }
},
{
  "model": "merlin_api.endpoint",
  "pk": 28,
  "fields": {
    "name": "",
    "description": "",
    "parent": 29,
    "bias": 1.0,
    "input": 25,
    "sim_output": null
  }
},
{
  "model": "merlin_api.endpoint",
  "pk": 29,
  "fields": {
    "name": "",
    "description": "",
    "parent": 30,
    "bias": 1.0,
    "input": 17,
    "sim_output": null
  }
},
{
  "model": "merlin_api.endpoint",
  "pk": 30,
  "fields": {
    "name": "",
    "description": "",
    "parent": 31,
    "bias": 1.0,
    "input": 16,
    "sim_output": null
  }
},
{
  "model": "merlin_api.endpoint",
  "pk": 31,
  "fields": {
    "name": "",
    "description": "",
    "parent": 32,
    "bias": 1.0,
    "input": 21,
    "sim_output": null
  }
},
{
  "model": "merlin_api.endpoint",
  "pk": 32,
  "fields": {
    "name": "",
    "description": "",
    "parent": 33,
    "bias": 1.0,
    "input": null,
    "sim_output": 9
  }
},
{
  "model": "merlin_api.endpoint",
  "pk": 33,
  "fields": {
    "name": "",
    "description": "",
    "parent": 34,
    "bias": 1.0,
    "input": null,
    "sim_output": 12
  }
},
{
  "model": "merlin_api.endpoint",
  "pk": 34,
  "fields": {
    "name": "",
    "description": "",
    "parent": 35,
    "bias": 1.0,
    "input": null,
    "sim_output": 8
  }
},
{
  "model": "merlin_api.endpoint",
  "pk": 35,
  "fields": {
    "name": "",
    "description": "",
    "parent": 36,
    "bias": 1.0,
    "input": null,
    "sim_output": 10
  }
},
{
  "model": "merlin_api.endpoint",
  "pk": 36,
  "fields": {
    "name": "",
    "description": "",
    "parent": 37,
    "bias": 1.0,
    "input": null,
    "sim_output": 7
  }
},
{
  "model": "merlin_api.endpoint",
  "pk": 37,
  "fields": {
    "name": "",
    "description": "",
    "parent": 38,
    "bias": 1.0,
    "input": 15,
    "sim_output": null
  }
},
{
  "model": "merlin_api.endpoint",
  "pk": 38,
  "fields": {
    "name": "",
    "description": "",
    "parent": 39,
    "bias": 1.0,
    "input": 29,
    "sim_output": null
  }
},
{
  "model": "merlin_api.endpoint",
  "pk": 39,
  "fields": {
    "name": "",
    "description": "",
    "parent": 40,
    "bias": 1.0,
    "input": 30,
    "sim_output": null
  }
},
{
  "model": "merlin_api.endpoint",
  "pk": 40,
  "fields": {
    "name": "",
    "description": "",
    "parent": 41,
    "bias": 1.0,
    "input": null,
    "sim_output": 14
  }
},
{
  "model": "merlin_api.endpoint",
  "pk": 41,
  "fields": {
    "name": "",
    "description": "",
    "parent": 42,
    "bias": 1.0,
    "input": 32,
    "sim_output": null
  }
},
{
  "model": "merlin_api.endpoint",
  "pk": 42,
  "fields": {
    "name": "",
    "description": "",
    "parent": 43,
    "bias": 1.0,
    "input": 27,
    "sim_output": null
  }
},
{
  "model": "merlin_api.endpoint",
  "pk": 43,
  "fields": {
    "name": "",
    "description": "",
    "parent": 44,
    "bias": 1.0,
    "input": 33,
    "sim_output": null
  }
},
{
  "model": "merlin_api.endpoint",
  "pk": 44,
  "fields": {
    "name": "",
    "description": "",
    "parent": 45,
    "bias": 1.0,
    "input": null,
    "sim_output": 15
  }
},
{
  "model": "merlin_api.endpoint",
  "pk": 45,
  "fields": {
    "name": "",
    "description": "",
    "parent": 46,
    "bias": 1.0,
    "input": 31,
    "sim_output": null
  }
},
{
  "model": "merlin_api.endpoint",
  "pk": 46,
  "fields": {
    "name": "",
    "description": "",
    "parent": 47,
    "bias": 1.0,
    "input": 35,
    "sim_output": null
  }
},
{
  "model": "merlin_api.endpoint",
  "pk": 47,
  "fields": {
    "name": "",
    "description": "",
    "parent": 48,
    "bias": 1.0,
    "input": 26,
    "sim_output": null
  }
},
{
  "model": "merlin_api.endpoint",
  "pk": 48,
  "fields": {
    "name": "",
    "description": "",
    "parent": 49,
    "bias": 1.0,
    "input": null,
    "sim_output": 16
  }
},
{
  "model": "merlin_api.endpoint",
  "pk": 49,
  "fields": {
    "name": "",
    "description": "",
    "parent": 50,
    "bias": 1.0,
    "input": 28,
    "sim_output": null
  }
},
{
  "model": "merlin_api.endpoint",
  "pk": 50,
  "fields": {
    "name": "",
    "description": "",
    "parent": 51,
    "bias": 1.0,
    "input": 34,
    "sim_output": null
  }
},
{
  "model": "merlin_api.endpoint",
  "pk": 51,
  "fields": {
    "name": "",
    "description": "",
    "parent": 53,
    "bias": 1.0,
    "input": null,
    "sim_output": 17
  }
},
{
  "model": "merlin_api.endpoint",
  "pk": 52,
  "fields": {
    "name": "",
    "description": "",
    "parent": 54,
    "bias": 1.0,
    "input": null,
    "sim_output": 18
  }
},
{
  "model": "merlin_api.endpoint",
  "pk": 53,
  "fields": {
    "name": "",
    "description": "",
    "parent": 55,
    "bias": 1.0,
    "input": null,
    "sim_output": 13
  }
},
{
  "model": "merlin_api.process",
  "pk": 1,
  "fields": {
    "name": "rent budget",
    "description": "",
    "parent": 1,
    "priority": 100,
    "process_class": "pymerlin.processes.BudgetProcess",
    "parameters": {
      "budget_type": "rent$",
      "name": "rent budget",
      "start_amount": 18000000.0
    }
  }
},
{
  "model": "merlin_api.process",
  "pk": 2,
  "fields": {
    "name": "Desktop Contract",
    "description": "",
    "parent": 2,
    "priority": 100,
    "process_class": "examples.DIAServicesModel.ICTDesktopContract",
    "parameters": {
      "min_contract_no": 0,
      "base_contract_costs": 0,
      "contract_ohwork_hr": 0,
      "cost_per_extra_desktop": 0,
      "actual_desktops": 0,
      "contract_duration": 6
    }
  }
},
{
  "model": "merlin_api.process",
  "pk": 3,
  "fields": {
    "name": "staff accommodation",
    "description": "",
    "parent": 3,
    "priority": 100,
    "process_class": "examples.DIAServicesModel.StaffAccommodationProcess",
    "parameters": {
      "default_lease_term": 5,
      "name": "staff accommodation",
      "default_cost_m2": 400,
      "default_area_m2": 1650,
      "default_area_per_staff_m2": 15.0
    }
  }
},
{
  "model": "merlin_api.process",
  "pk": 4,
  "fields": {
    "name": "Internal ICT Desktop Service",
    "description": "",
    "parent": 4,
    "priority": 100,
    "process_class": "examples.DIAServicesModel.InternalICTDesktopService",
    "parameters": {
      "it_hrs_per_desktop": 40.0,
      "financial_charge_percent": 8,
      "life_time": 6,
      "acq_cost_per_desktop": 4000.0,
      "actual_desktops": 110,
      "maint_cost_per_desktop": 400.0,
      "depr_period": 4
    }
  }
},
{
  "model": "merlin_api.process",
  "pk": 5,
  "fields": {
    "name": "staff budget",
    "description": "",
    "parent": 5,
    "priority": 100,
    "process_class": "pymerlin.processes.BudgetProcess",
    "parameters": {
      "budget_type": "staff$",
      "name": "staff budget",
      "start_amount": 73000000.0
    }
  }
},
{
  "model": "merlin_api.process",
  "pk": 6,
  "fields": {
    "name": "other budget",
    "description": "",
    "parent": 7,
    "priority": 100,
    "process_class": "pymerlin.processes.BudgetProcess",
    "parameters": {
      "budget_type": "other$",
      "name": "other budget",
      "start_amount": 800000.0
    }
  }
},
{
  "model": "merlin_api.process",
  "pk": 7,
  "fields": {
    "name": "registration facility process",
    "description": "",
    "parent": 8,
    "priority": 100,
    "process_class": "examples.DIAServicesModel.RegistrationServiceProcess",
    "parameters": {
      "default_applications_processed_per_lswork_hr": 10,
      "default_registration_fee": 85.0,
      "name": "registration facility process",
      "default_applications_submitted": 1000000.0
    }
  }
},
{
  "model": "merlin_api.process",
  "pk": 8,
  "fields": {
    "name": "line staff resource process",
    "description": "",
    "parent": 9,
    "priority": 100,
    "process_class": "examples.DIAServicesModel.StaffProcess",
    "parameters": {
      "default_span_of_control": 12,
      "default_admin_training_percent": 20,
      "name": "line staff resource process",
      "default_avg_line_salary": 60000.0,
      "default_hours_per_week": 40.0,
      "default_oh_staff_no": 10,
      "default_leave_percent": 20,
      "default_avg_oh_salary": 75000.0,
      "default_hours_training": 100,
      "default_line_staff_no": 100
    }
  }
},
{
  "model": "merlin_api.process",
  "pk": 9,
  "fields": {
    "name": "rent budget",
    "description": "",
    "parent": 11,
    "priority": 100,
    "process_class": "pymerlin.processes.BudgetProcess",
    "parameters": {
      "budget_type": "rent$",
      "name": "rent budget",
      "start_amount": 4000000.0
    }
  }
},
{
  "model": "merlin_api.process",
  "pk": 10,
  "fields": {
    "name": "line staff resource process",
    "description": "",
    "parent": 12,
    "priority": 100,
    "process_class": "examples.DIAServicesModel.StaffProcess",
    "parameters": {
      "default_span_of_control": 12,
      "default_admin_training_percent": 20,
      "name": "line staff resource process",
      "default_avg_line_salary": 40000.0,
      "default_hours_per_week": 40.0,
      "default_oh_staff_no": 3,
      "default_leave_percent": 20,
      "default_avg_oh_salary": 60000.0,
      "default_hours_training": 100,
      "default_line_staff_no": 20
    }
  }
},
{
  "model": "merlin_api.process",
  "pk": 11,
  "fields": {
    "name": "file logistics process",
    "description": "",
    "parent": 14,
    "priority": 100,
    "process_class": "examples.DIAServicesModel.OutsourcedFileLogisticsProcess",
    "parameters": {
      "actual_volumes": 125000.0,
      "name": "file logistics process",
      "default_contract_length": 6,
      "contract_cost": 150000,
      "contracted_volumes": 150000.0,
      "overage_cost_per_file": 10,
      "required_management_work_hr": 1640
    }
  }
},
{
  "model": "merlin_api.process",
  "pk": 12,
  "fields": {
    "name": "other budget",
    "description": "",
    "parent": 15,
    "priority": 100,
    "process_class": "pymerlin.processes.BudgetProcess",
    "parameters": {
      "budget_type": "other$",
      "name": "other budget",
      "start_amount": 1000000.0
    }
  }
},
{
  "model": "merlin_api.process",
  "pk": 13,
  "fields": {
    "name": "staff accommodation",
    "description": "",
    "parent": 17,
    "priority": 100,
    "process_class": "examples.DIAServicesModel.StaffAccommodationProcess",
    "parameters": {
      "default_lease_term": 5,
      "name": "staff accommodation",
      "default_cost_m2": 400,
      "default_area_m2": 500,
      "default_area_per_staff_m2": 15.0
    }
  }
},
{
  "model": "merlin_api.process",
  "pk": 14,
  "fields": {
    "name": "storage facility process",
    "description": "",
    "parent": 18,
    "priority": 100,
    "process_class": "examples.DIAServicesModel.StorageServiceProcess",
    "parameters": {
      "default_storage_fee": 98,
      "default_files_handled_per_lswork_hr": 2000,
      "name": "storage facility process",
      "default_annual_storage_rent": 500000.0
    }
  }
},
{
  "model": "merlin_api.process",
  "pk": 15,
  "fields": {
    "name": "staff budget",
    "description": "",
    "parent": 19,
    "priority": 100,
    "process_class": "pymerlin.processes.BudgetProcess",
    "parameters": {
      "budget_type": "staff$",
      "name": "staff budget",
      "start_amount": 10800000.0
    }
  }
},
{
  "model": "merlin_api.process",
  "pk": 16,
  "fields": {
    "name": "staff budget",
    "description": "",
    "parent": 20,
    "priority": 100,
    "process_class": "pymerlin.processes.BudgetProcess",
    "parameters": {
      "budget_type": "staff$",
      "name": "staff budget",
      "start_amount": 73000000.0
    }
  }
},
{
  "model": "merlin_api.process",
  "pk": 17,
  "fields": {
    "name": "staff accommodation",
    "description": "",
    "parent": 21,
    "priority": 100,
    "process_class": "examples.DIAServicesModel.StaffAccommodationProcess",
    "parameters": {
      "default_lease_term": 5,
      "name": "staff accommodation",
      "default_cost_m2": 400,
      "default_area_m2": 1650,
      "default_area_per_staff_m2": 15.0
    }
  }
},
{
  "model": "merlin_api.process",
  "pk": 18,
  "fields": {
    "name": "other budget",
    "description": "",
    "parent": 23,
    "priority": 100,
    "process_class": "pymerlin.processes.BudgetProcess",
    "parameters": {
      "budget_type": "other$",
      "name": "other budget",
      "start_amount": 800000.0
    }
  }
},
{
  "model": "merlin_api.process",
  "pk": 19,
  "fields": {
    "name": "Internal ICT Desktop Service",
    "description": "",
    "parent": 25,
    "priority": 100,
    "process_class": "examples.DIAServicesModel.InternalICTDesktopService",
    "parameters": {
      "it_hrs_per_desktop": 40.0,
      "financial_charge_percent": 8,
      "life_time": 6,
      "acq_cost_per_desktop": 4000.0,
      "actual_desktops": 110,
      "maint_cost_per_desktop": 400.0,
      "depr_period": 4
    }
  }
},
{
  "model": "merlin_api.process",
  "pk": 20,
  "fields": {
    "name": "rent budget",
    "description": "",
    "parent": 26,
    "priority": 100,
    "process_class": "pymerlin.processes.BudgetProcess",
    "parameters": {
      "budget_type": "rent$",
      "name": "rent budget",
      "start_amount": 18000000.0
    }
  }
},
{
  "model": "merlin_api.process",
  "pk": 21,
  "fields": {
    "name": "line staff resource process",
    "description": "",
    "parent": 27,
    "priority": 100,
    "process_class": "examples.DIAServicesModel.StaffProcess",
    "parameters": {
      "default_span_of_control": 12,
      "default_admin_training_percent": 20,
      "name": "line staff resource process",
      "default_avg_line_salary": 60000.0,
      "default_hours_per_week": 40.0,
      "default_oh_staff_no": 10,
      "default_leave_percent": 20,
      "default_avg_oh_salary": 75000.0,
      "default_hours_training": 100,
      "default_line_staff_no": 100
    }
  }
},
{
  "model": "merlin_api.process",
  "pk": 22,
  "fields": {
    "name": "registration facility process",
    "description": "",
    "parent": 28,
    "priority": 100,
    "process_class": "examples.DIAServicesModel.RegistrationServiceProcess",
    "parameters": {
      "default_applications_processed_per_lswork_hr": 10,
      "default_registration_fee": 85.0,
      "name": "registration facility process",
      "default_applications_submitted": 1000000.0
    }
  }
},
{
  "model": "merlin_api.processproperty",
  "pk": 1,
  "fields": {
    "name": "annual amount",
    "description": "",
    "process": 1,
    "property_type": 2,
    "default_value": 18000000.0,
    "max_value": null,
    "min_value": null,
    "readonly": false,
    "property_value": 18000000.0
  }
},
{
  "model": "merlin_api.processproperty",
  "pk": 2,
  "fields": {
    "name": "Contract Management OH hours",
    "description": "",
    "process": 2,
    "property_type": 2,
    "default_value": 0.0,
    "max_value": null,
    "min_value": null,
    "readonly": false,
    "property_value": 0.0
  }
},
{
  "model": "merlin_api.processproperty",
  "pk": 3,
  "fields": {
    "name": "actual desktops",
    "description": "",
    "process": 2,
    "property_type": 2,
    "default_value": 0.0,
    "max_value": null,
    "min_value": null,
    "readonly": false,
    "property_value": 0.0
  }
},
{
  "model": "merlin_api.processproperty",
  "pk": 4,
  "fields": {
    "name": "contract duration/yrs",
    "description": "",
    "process": 2,
    "property_type": 2,
    "default_value": 6.0,
    "max_value": null,
    "min_value": null,
    "readonly": false,
    "property_value": 6.0
  }
},
{
  "model": "merlin_api.processproperty",
  "pk": 5,
  "fields": {
    "name": "Cost / extra Desktop",
    "description": "",
    "process": 2,
    "property_type": 2,
    "default_value": 0.0,
    "max_value": null,
    "min_value": null,
    "readonly": false,
    "property_value": 0.0
  }
},
{
  "model": "merlin_api.processproperty",
  "pk": 6,
  "fields": {
    "name": "annual base contract costs",
    "description": "",
    "process": 2,
    "property_type": 2,
    "default_value": 0.0,
    "max_value": null,
    "min_value": null,
    "readonly": false,
    "property_value": 0.0
  }
},
{
  "model": "merlin_api.processproperty",
  "pk": 7,
  "fields": {
    "name": "min desktops contracted",
    "description": "",
    "process": 2,
    "property_type": 2,
    "default_value": 0.0,
    "max_value": null,
    "min_value": null,
    "readonly": false,
    "property_value": 0.0
  }
},
{
  "model": "merlin_api.processproperty",
  "pk": 8,
  "fields": {
    "name": "area [m\u00b2]",
    "description": "",
    "process": 3,
    "property_type": 2,
    "default_value": 1650.0,
    "max_value": null,
    "min_value": null,
    "readonly": false,
    "property_value": 1650.0
  }
},
{
  "model": "merlin_api.processproperty",
  "pk": 9,
  "fields": {
    "name": "lease term [yr]",
    "description": "",
    "process": 3,
    "property_type": 2,
    "default_value": 5.0,
    "max_value": null,
    "min_value": null,
    "readonly": false,
    "property_value": 5.0
  }
},
{
  "model": "merlin_api.processproperty",
  "pk": 10,
  "fields": {
    "name": "annual cost[$]/area [m\u00b2]",
    "description": "",
    "process": 3,
    "property_type": 2,
    "default_value": 400.0,
    "max_value": null,
    "min_value": null,
    "readonly": false,
    "property_value": 400.0
  }
},
{
  "model": "merlin_api.processproperty",
  "pk": 11,
  "fields": {
    "name": "area [m\u00b2]/staff",
    "description": "",
    "process": 3,
    "property_type": 2,
    "default_value": 15.0,
    "max_value": null,
    "min_value": null,
    "readonly": false,
    "property_value": 15.0
  }
},
{
  "model": "merlin_api.processproperty",
  "pk": 12,
  "fields": {
    "name": "depreciation Period [yrs]",
    "description": "",
    "process": 4,
    "property_type": 2,
    "default_value": 4.0,
    "max_value": null,
    "min_value": null,
    "readonly": false,
    "property_value": 4.0
  }
},
{
  "model": "merlin_api.processproperty",
  "pk": 13,
  "fields": {
    "name": "Actual Desktops",
    "description": "",
    "process": 4,
    "property_type": 2,
    "default_value": 110.0,
    "max_value": null,
    "min_value": null,
    "readonly": false,
    "property_value": 110.0
  }
},
{
  "model": "merlin_api.processproperty",
  "pk": 14,
  "fields": {
    "name": "Financial Charge %",
    "description": "",
    "process": 4,
    "property_type": 2,
    "default_value": 8.0,
    "max_value": null,
    "min_value": null,
    "readonly": false,
    "property_value": 8.0
  }
},
{
  "model": "merlin_api.processproperty",
  "pk": 15,
  "fields": {
    "name": "Annual Maintenance Cost / Desktop",
    "description": "",
    "process": 4,
    "property_type": 2,
    "default_value": 400.0,
    "max_value": null,
    "min_value": null,
    "readonly": false,
    "property_value": 400.0
  }
},
{
  "model": "merlin_api.processproperty",
  "pk": 16,
  "fields": {
    "name": "Annual Support Hours Per Desktop",
    "description": "",
    "process": 4,
    "property_type": 2,
    "default_value": 40.0,
    "max_value": null,
    "min_value": null,
    "readonly": false,
    "property_value": 40.0
  }
},
{
  "model": "merlin_api.processproperty",
  "pk": 17,
  "fields": {
    "name": "Desktop Lifetime [yrs]",
    "description": "",
    "process": 4,
    "property_type": 2,
    "default_value": 6.0,
    "max_value": null,
    "min_value": null,
    "readonly": false,
    "property_value": 6.0
  }
},
{
  "model": "merlin_api.processproperty",
  "pk": 18,
  "fields": {
    "name": "Acquisition Costs / Desktop",
    "description": "",
    "process": 4,
    "property_type": 2,
    "default_value": 4000.0,
    "max_value": null,
    "min_value": null,
    "readonly": false,
    "property_value": 4000.0
  }
},
{
  "model": "merlin_api.processproperty",
  "pk": 19,
  "fields": {
    "name": "annual amount",
    "description": "",
    "process": 5,
    "property_type": 2,
    "default_value": 73000000.0,
    "max_value": null,
    "min_value": null,
    "readonly": false,
    "property_value": 73000000.0
  }
},
{
  "model": "merlin_api.processproperty",
  "pk": 20,
  "fields": {
    "name": "annual amount",
    "description": "",
    "process": 6,
    "property_type": 2,
    "default_value": 800000.0,
    "max_value": null,
    "min_value": null,
    "readonly": false,
    "property_value": 800000.0
  }
},
{
  "model": "merlin_api.processproperty",
  "pk": 21,
  "fields": {
    "name": "Applications Submitted Per Year",
    "description": "",
    "process": 7,
    "property_type": 2,
    "default_value": 1000000.0,
    "max_value": null,
    "min_value": null,
    "readonly": false,
    "property_value": 1000000.0
  }
},
{
  "model": "merlin_api.processproperty",
  "pk": 22,
  "fields": {
    "name": "Applications Processed / LS work_hr",
    "description": "",
    "process": 7,
    "property_type": 2,
    "default_value": 10.0,
    "max_value": null,
    "min_value": null,
    "readonly": false,
    "property_value": 10.0
  }
},
{
  "model": "merlin_api.processproperty",
  "pk": 23,
  "fields": {
    "name": "Registration Fee / $",
    "description": "",
    "process": 7,
    "property_type": 2,
    "default_value": 85.0,
    "max_value": null,
    "min_value": null,
    "readonly": false,
    "property_value": 85.0
  }
},
{
  "model": "merlin_api.processproperty",
  "pk": 24,
  "fields": {
    "name": "admin & training [%]",
    "description": "",
    "process": 8,
    "property_type": 2,
    "default_value": 20.0,
    "max_value": null,
    "min_value": null,
    "readonly": false,
    "property_value": 20.0
  }
},
{
  "model": "merlin_api.processproperty",
  "pk": 25,
  "fields": {
    "name": "avg annual overhead salary",
    "description": "",
    "process": 8,
    "property_type": 2,
    "default_value": 75000.0,
    "max_value": null,
    "min_value": null,
    "readonly": false,
    "property_value": 75000.0
  }
},
{
  "model": "merlin_api.processproperty",
  "pk": 26,
  "fields": {
    "name": "span of control",
    "description": "",
    "process": 8,
    "property_type": 2,
    "default_value": 12.0,
    "max_value": null,
    "min_value": null,
    "readonly": false,
    "property_value": 12.0
  }
},
{
  "model": "merlin_api.processproperty",
  "pk": 27,
  "fields": {
    "name": "annual leave [%]",
    "description": "",
    "process": 8,
    "property_type": 2,
    "default_value": 20.0,
    "max_value": null,
    "min_value": null,
    "readonly": false,
    "property_value": 20.0
  }
},
{
  "model": "merlin_api.processproperty",
  "pk": 28,
  "fields": {
    "name": "avg annual line salary",
    "description": "",
    "process": 8,
    "property_type": 2,
    "default_value": 60000.0,
    "max_value": null,
    "min_value": null,
    "readonly": false,
    "property_value": 60000.0
  }
},
{
  "model": "merlin_api.processproperty",
  "pk": 29,
  "fields": {
    "name": "working hours per week",
    "description": "",
    "process": 8,
    "property_type": 2,
    "default_value": 40.0,
    "max_value": null,
    "min_value": null,
    "readonly": false,
    "property_value": 40.0
  }
},
{
  "model": "merlin_api.processproperty",
  "pk": 30,
  "fields": {
    "name": "line staff #",
    "description": "",
    "process": 8,
    "property_type": 2,
    "default_value": 100.0,
    "max_value": null,
    "min_value": null,
    "readonly": false,
    "property_value": 100.0
  }
},
{
  "model": "merlin_api.processproperty",
  "pk": 31,
  "fields": {
    "name": "hours of training period",
    "description": "",
    "process": 8,
    "property_type": 2,
    "default_value": 100.0,
    "max_value": null,
    "min_value": null,
    "readonly": false,
    "property_value": 100.0
  }
},
{
  "model": "merlin_api.processproperty",
  "pk": 32,
  "fields": {
    "name": "overhead staff #",
    "description": "",
    "process": 8,
    "property_type": 2,
    "default_value": 10.0,
    "max_value": null,
    "min_value": null,
    "readonly": false,
    "property_value": 10.0
  }
},
{
  "model": "merlin_api.processproperty",
  "pk": 33,
  "fields": {
    "name": "annual amount",
    "description": "",
    "process": 9,
    "property_type": 2,
    "default_value": 4000000.0,
    "max_value": null,
    "min_value": null,
    "readonly": false,
    "property_value": 4000000.0
  }
},
{
  "model": "merlin_api.processproperty",
  "pk": 34,
  "fields": {
    "name": "admin & training [%]",
    "description": "",
    "process": 10,
    "property_type": 2,
    "default_value": 20.0,
    "max_value": null,
    "min_value": null,
    "readonly": false,
    "property_value": 20.0
  }
},
{
  "model": "merlin_api.processproperty",
  "pk": 35,
  "fields": {
    "name": "avg annual overhead salary",
    "description": "",
    "process": 10,
    "property_type": 2,
    "default_value": 60000.0,
    "max_value": null,
    "min_value": null,
    "readonly": false,
    "property_value": 60000.0
  }
},
{
  "model": "merlin_api.processproperty",
  "pk": 36,
  "fields": {
    "name": "span of control",
    "description": "",
    "process": 10,
    "property_type": 2,
    "default_value": 12.0,
    "max_value": null,
    "min_value": null,
    "readonly": false,
    "property_value": 12.0
  }
},
{
  "model": "merlin_api.processproperty",
  "pk": 37,
  "fields": {
    "name": "annual leave [%]",
    "description": "",
    "process": 10,
    "property_type": 2,
    "default_value": 20.0,
    "max_value": null,
    "min_value": null,
    "readonly": false,
    "property_value": 20.0
  }
},
{
  "model": "merlin_api.processproperty",
  "pk": 38,
  "fields": {
    "name": "avg annual line salary",
    "description": "",
    "process": 10,
    "property_type": 2,
    "default_value": 40000.0,
    "max_value": null,
    "min_value": null,
    "readonly": false,
    "property_value": 40000.0
  }
},
{
  "model": "merlin_api.processproperty",
  "pk": 39,
  "fields": {
    "name": "working hours per week",
    "description": "",
    "process": 10,
    "property_type": 2,
    "default_value": 40.0,
    "max_value": null,
    "min_value": null,
    "readonly": false,
    "property_value": 40.0
  }
},
{
  "model": "merlin_api.processproperty",
  "pk": 40,
  "fields": {
    "name": "line staff #",
    "description": "",
    "process": 10,
    "property_type": 2,
    "default_value": 20.0,
    "max_value": null,
    "min_value": null,
    "readonly": false,
    "property_value": 20.0
  }
},
{
  "model": "merlin_api.processproperty",
  "pk": 41,
  "fields": {
    "name": "hours of training period",
    "description": "",
    "process": 10,
    "property_type": 2,
    "default_value": 100.0,
    "max_value": null,
    "min_value": null,
    "readonly": false,
    "property_value": 100.0
  }
},
{
  "model": "merlin_api.processproperty",
  "pk": 42,
  "fields": {
    "name": "overhead staff #",
    "description": "",
    "process": 10,
    "property_type": 2,
    "default_value": 3.0,
    "max_value": null,
    "min_value": null,
    "readonly": false,
    "property_value": 3.0
  }
},
{
  "model": "merlin_api.processproperty",
  "pk": 43,
  "fields": {
    "name": "additional cost / file",
    "description": "",
    "process": 11,
    "property_type": 2,
    "default_value": 10.0,
    "max_value": null,
    "min_value": null,
    "readonly": false,
    "property_value": 10.0
  }
},
{
  "model": "merlin_api.processproperty",
  "pk": 44,
  "fields": {
    "name": "Annual Contract Cost",
    "description": "",
    "process": 11,
    "property_type": 2,
    "default_value": 150000.0,
    "max_value": null,
    "min_value": null,
    "readonly": false,
    "property_value": 150000.0
  }
},
{
  "model": "merlin_api.processproperty",
  "pk": 45,
  "fields": {
    "name": "length of contract/yrs",
    "description": "",
    "process": 11,
    "property_type": 2,
    "default_value": 6.0,
    "max_value": null,
    "min_value": null,
    "readonly": false,
    "property_value": 6.0
  }
},
{
  "model": "merlin_api.processproperty",
  "pk": 46,
  "fields": {
    "name": "Actual Annual File Volume",
    "description": "",
    "process": 11,
    "property_type": 2,
    "default_value": 125000.0,
    "max_value": null,
    "min_value": null,
    "readonly": false,
    "property_value": 125000.0
  }
},
{
  "model": "merlin_api.processproperty",
  "pk": 47,
  "fields": {
    "name": "Contracted Annual File Volume",
    "description": "",
    "process": 11,
    "property_type": 2,
    "default_value": 150000.0,
    "max_value": null,
    "min_value": null,
    "readonly": false,
    "property_value": 150000.0
  }
},
{
  "model": "merlin_api.processproperty",
  "pk": 48,
  "fields": {
    "name": "Annual Overhead Staff Hours",
    "description": "",
    "process": 11,
    "property_type": 2,
    "default_value": 1640.0,
    "max_value": null,
    "min_value": null,
    "readonly": false,
    "property_value": 1640.0
  }
},
{
  "model": "merlin_api.processproperty",
  "pk": 49,
  "fields": {
    "name": "annual amount",
    "description": "",
    "process": 12,
    "property_type": 2,
    "default_value": 1000000.0,
    "max_value": null,
    "min_value": null,
    "readonly": false,
    "property_value": 1000000.0
  }
},
{
  "model": "merlin_api.processproperty",
  "pk": 50,
  "fields": {
    "name": "area [m\u00b2]",
    "description": "",
    "process": 13,
    "property_type": 2,
    "default_value": 500.0,
    "max_value": null,
    "min_value": null,
    "readonly": false,
    "property_value": 500.0
  }
},
{
  "model": "merlin_api.processproperty",
  "pk": 51,
  "fields": {
    "name": "lease term [yr]",
    "description": "",
    "process": 13,
    "property_type": 2,
    "default_value": 5.0,
    "max_value": null,
    "min_value": null,
    "readonly": false,
    "property_value": 5.0
  }
},
{
  "model": "merlin_api.processproperty",
  "pk": 52,
  "fields": {
    "name": "annual cost[$]/area [m\u00b2]",
    "description": "",
    "process": 13,
    "property_type": 2,
    "default_value": 400.0,
    "max_value": null,
    "min_value": null,
    "readonly": false,
    "property_value": 400.0
  }
},
{
  "model": "merlin_api.processproperty",
  "pk": 53,
  "fields": {
    "name": "area [m\u00b2]/staff",
    "description": "",
    "process": 13,
    "property_type": 2,
    "default_value": 15.0,
    "max_value": null,
    "min_value": null,
    "readonly": false,
    "property_value": 15.0
  }
},
{
  "model": "merlin_api.processproperty",
  "pk": 54,
  "fields": {
    "name": "Files Handled / LS work hr",
    "description": "",
    "process": 14,
    "property_type": 2,
    "default_value": 2000.0,
    "max_value": null,
    "min_value": null,
    "readonly": false,
    "property_value": 2000.0
  }
},
{
  "model": "merlin_api.processproperty",
  "pk": 55,
  "fields": {
    "name": "Access Fee / $",
    "description": "",
    "process": 14,
    "property_type": 2,
    "default_value": 98.0,
    "max_value": null,
    "min_value": null,
    "readonly": false,
    "property_value": 98.0
  }
},
{
  "model": "merlin_api.processproperty",
  "pk": 56,
  "fields": {
    "name": "Annual Storage Rent",
    "description": "",
    "process": 14,
    "property_type": 2,
    "default_value": 500000.0,
    "max_value": null,
    "min_value": null,
    "readonly": false,
    "property_value": 500000.0
  }
},
{
  "model": "merlin_api.processproperty",
  "pk": 57,
  "fields": {
    "name": "annual amount",
    "description": "",
    "process": 15,
    "property_type": 2,
    "default_value": 10800000.0,
    "max_value": null,
    "min_value": null,
    "readonly": false,
    "property_value": 10800000.0
  }
},
{
  "model": "merlin_api.processproperty",
  "pk": 58,
  "fields": {
    "name": "annual amount",
    "description": "",
    "process": 16,
    "property_type": 2,
    "default_value": 73000000.0,
    "max_value": null,
    "min_value": null,
    "readonly": false,
    "property_value": 73000000.0
  }
},
{
  "model": "merlin_api.processproperty",
  "pk": 59,
  "fields": {
    "name": "area [m\u00b2]",
    "description": "",
    "process": 17,
    "property_type": 2,
    "default_value": 1650.0,
    "max_value": null,
    "min_value": null,
    "readonly": false,
    "property_value": 1650.0
  }
},
{
  "model": "merlin_api.processproperty",
  "pk": 60,
  "fields": {
    "name": "lease term [yr]",
    "description": "",
    "process": 17,
    "property_type": 2,
    "default_value": 5.0,
    "max_value": null,
    "min_value": null,
    "readonly": false,
    "property_value": 5.0
  }
},
{
  "model": "merlin_api.processproperty",
  "pk": 61,
  "fields": {
    "name": "annual cost[$]/area [m\u00b2]",
    "description": "",
    "process": 17,
    "property_type": 2,
    "default_value": 400.0,
    "max_value": null,
    "min_value": null,
    "readonly": false,
    "property_value": 400.0
  }
},
{
  "model": "merlin_api.processproperty",
  "pk": 62,
  "fields": {
    "name": "area [m\u00b2]/staff",
    "description": "",
    "process": 17,
    "property_type": 2,
    "default_value": 15.0,
    "max_value": null,
    "min_value": null,
    "readonly": false,
    "property_value": 15.0
  }
},
{
  "model": "merlin_api.processproperty",
  "pk": 63,
  "fields": {
    "name": "annual amount",
    "description": "",
    "process": 18,
    "property_type": 2,
    "default_value": 800000.0,
    "max_value": null,
    "min_value": null,
    "readonly": false,
    "property_value": 800000.0
  }
},
{
  "model": "merlin_api.processproperty",
  "pk": 64,
  "fields": {
    "name": "depreciation Period [yrs]",
    "description": "",
    "process": 19,
    "property_type": 2,
    "default_value": 4.0,
    "max_value": null,
    "min_value": null,
    "readonly": false,
    "property_value": 4.0
  }
},
{
  "model": "merlin_api.processproperty",
  "pk": 65,
  "fields": {
    "name": "Actual Desktops",
    "description": "",
    "process": 19,
    "property_type": 2,
    "default_value": 110.0,
    "max_value": null,
    "min_value": null,
    "readonly": false,
    "property_value": 110.0
  }
},
{
  "model": "merlin_api.processproperty",
  "pk": 66,
  "fields": {
    "name": "Financial Charge %",
    "description": "",
    "process": 19,
    "property_type": 2,
    "default_value": 8.0,
    "max_value": null,
    "min_value": null,
    "readonly": false,
    "property_value": 8.0
  }
},
{
  "model": "merlin_api.processproperty",
  "pk": 67,
  "fields": {
    "name": "Annual Maintenance Cost / Desktop",
    "description": "",
    "process": 19,
    "property_type": 2,
    "default_value": 400.0,
    "max_value": null,
    "min_value": null,
    "readonly": false,
    "property_value": 400.0
  }
},
{
  "model": "merlin_api.processproperty",
  "pk": 68,
  "fields": {
    "name": "Annual Support Hours Per Desktop",
    "description": "",
    "process": 19,
    "property_type": 2,
    "default_value": 40.0,
    "max_value": null,
    "min_value": null,
    "readonly": false,
    "property_value": 40.0
  }
},
{
  "model": "merlin_api.processproperty",
  "pk": 69,
  "fields": {
    "name": "Desktop Lifetime [yrs]",
    "description": "",
    "process": 19,
    "property_type": 2,
    "default_value": 6.0,
    "max_value": null,
    "min_value": null,
    "readonly": false,
    "property_value": 6.0
  }
},
{
  "model": "merlin_api.processproperty",
  "pk": 70,
  "fields": {
    "name": "Acquisition Costs / Desktop",
    "description": "",
    "process": 19,
    "property_type": 2,
    "default_value": 4000.0,
    "max_value": null,
    "min_value": null,
    "readonly": false,
    "property_value": 4000.0
  }
},
{
  "model": "merlin_api.processproperty",
  "pk": 71,
  "fields": {
    "name": "annual amount",
    "description": "",
    "process": 20,
    "property_type": 2,
    "default_value": 18000000.0,
    "max_value": null,
    "min_value": null,
    "readonly": false,
    "property_value": 18000000.0
  }
},
{
  "model": "merlin_api.processproperty",
  "pk": 72,
  "fields": {
    "name": "admin & training [%]",
    "description": "",
    "process": 21,
    "property_type": 2,
    "default_value": 20.0,
    "max_value": null,
    "min_value": null,
    "readonly": false,
    "property_value": 20.0
  }
},
{
  "model": "merlin_api.processproperty",
  "pk": 73,
  "fields": {
    "name": "avg annual overhead salary",
    "description": "",
    "process": 21,
    "property_type": 2,
    "default_value": 75000.0,
    "max_value": null,
    "min_value": null,
    "readonly": false,
    "property_value": 75000.0
  }
},
{
  "model": "merlin_api.processproperty",
  "pk": 74,
  "fields": {
    "name": "span of control",
    "description": "",
    "process": 21,
    "property_type": 2,
    "default_value": 12.0,
    "max_value": null,
    "min_value": null,
    "readonly": false,
    "property_value": 12.0
  }
},
{
  "model": "merlin_api.processproperty",
  "pk": 75,
  "fields": {
    "name": "annual leave [%]",
    "description": "",
    "process": 21,
    "property_type": 2,
    "default_value": 20.0,
    "max_value": null,
    "min_value": null,
    "readonly": false,
    "property_value": 20.0
  }
},
{
  "model": "merlin_api.processproperty",
  "pk": 76,
  "fields": {
    "name": "avg annual line salary",
    "description": "",
    "process": 21,
    "property_type": 2,
    "default_value": 60000.0,
    "max_value": null,
    "min_value": null,
    "readonly": false,
    "property_value": 60000.0
  }
},
{
  "model": "merlin_api.processproperty",
  "pk": 77,
  "fields": {
    "name": "working hours per week",
    "description": "",
    "process": 21,
    "property_type": 2,
    "default_value": 40.0,
    "max_value": null,
    "min_value": null,
    "readonly": false,
    "property_value": 40.0
  }
},
{
  "model": "merlin_api.processproperty",
  "pk": 78,
  "fields": {
    "name": "line staff #",
    "description": "",
    "process": 21,
    "property_type": 2,
    "default_value": 100.0,
    "max_value": null,
    "min_value": null,
    "readonly": false,
    "property_value": 100.0
  }
},
{
  "model": "merlin_api.processproperty",
  "pk": 79,
  "fields": {
    "name": "hours of training period",
    "description": "",
    "process": 21,
    "property_type": 2,
    "default_value": 100.0,
    "max_value": null,
    "min_value": null,
    "readonly": false,
    "property_value": 100.0
  }
},
{
  "model": "merlin_api.processproperty",
  "pk": 80,
  "fields": {
    "name": "overhead staff #",
    "description": "",
    "process": 21,
    "property_type": 2,
    "default_value": 10.0,
    "max_value": null,
    "min_value": null,
    "readonly": false,
    "property_value": 10.0
  }
},
{
  "model": "merlin_api.processproperty",
  "pk": 81,
  "fields": {
    "name": "Applications Submitted Per Year",
    "description": "",
    "process": 22,
    "property_type": 2,
    "default_value": 1000000.0,
    "max_value": null,
    "min_value": null,
    "readonly": false,
    "property_value": 1000000.0
  }
},
{
  "model": "merlin_api.processproperty",
  "pk": 82,
  "fields": {
    "name": "Applications Processed / LS work_hr",
    "description": "",
    "process": 22,
    "property_type": 2,
    "default_value": 10.0,
    "max_value": null,
    "min_value": null,
    "readonly": false,
    "property_value": 10.0
  }
},
{
  "model": "merlin_api.processproperty",
  "pk": 83,
  "fields": {
    "name": "Registration Fee / $",
    "description": "",
    "process": 22,
    "property_type": 2,
    "default_value": 85.0,
    "max_value": null,
    "min_value": null,
    "readonly": false,
    "property_value": 85.0
  }
}
]
