[{"model": "merlin_api.simulation", "pk": 1, "fields": {"name": "243893183302195908510033855775207044792", "description": "", "num_steps": 1, "start_date": "2016-07-01"}}, {"model": "merlin_api.simulation", "pk": 2, "fields": {"name": "17461652865836908156370988952326242023", "description": "", "num_steps": 1, "start_date": "2016-07-01"}}, {"model": "merlin_api.simulation", "pk": 3, "fields": {"name": "260092913983511900749155726491860089287", "description": "", "num_steps": 1, "start_date": "2016-07-01"}}, {"model": "merlin_api.unittype", "pk": 1, "fields": {"sim": 1, "value": "logisticExpense$"}}, {"model": "merlin_api.unittype", "pk": 2, "fields": {"sim": 1, "value": "staff$"}}, {"model": "merlin_api.unittype", "pk": 3, "fields": {"sim": 1, "value": "opsurplus$"}}, {"model": "merlin_api.unittype", "pk": 4, "fields": {"sim": 1, "value": "other$"}}, {"model": "merlin_api.unittype", "pk": 5, "fields": {"sim": 1, "value": "workspace#"}}, {"model": "merlin_api.unittype", "pk": 6, "fields": {"sim": 1, "value": "revenue$"}}, {"model": "merlin_api.unittype", "pk": 7, "fields": {"sim": 1, "value": "rent$"}}, {"model": "merlin_api.unittype", "pk": 8, "fields": {"sim": 1, "value": "surplus$"}}, {"model": "merlin_api.unittype", "pk": 9, "fields": {"sim": 1, "value": "staffExpense$"}}, {"model": "merlin_api.unittype", "pk": 10, "fields": {"sim": 1, "value": "file#"}}, {"model": "merlin_api.unittype", "pk": 11, "fields": {"sim": 1, "value": "accommodationExpense$"}}, {"model": "merlin_api.unittype", "pk": 12, "fields": {"sim": 1, "value": "LS_work_hr"}}, {"model": "merlin_api.unittype", "pk": 13, "fields": {"sim": 1, "value": "OH_work_hr"}}, {"model": "merlin_api.unittype", "pk": 14, "fields": {"sim": 2, "value": "staff$"}}, {"model": "merlin_api.unittype", "pk": 15, "fields": {"sim": 2, "value": "opsurplus$"}}, {"model": "merlin_api.unittype", "pk": 16, "fields": {"sim": 2, "value": "other$"}}, {"model": "merlin_api.unittype", "pk": 17, "fields": {"sim": 2, "value": "workspace#"}}, {"model": "merlin_api.unittype", "pk": 18, "fields": {"sim": 2, "value": "revenue$"}}, {"model": "merlin_api.unittype", "pk": 19, "fields": {"sim": 2, "value": "rent$"}}, {"model": "merlin_api.unittype", "pk": 20, "fields": {"sim": 2, "value": "surplus$"}}, {"model": "merlin_api.unittype", "pk": 21, "fields": {"sim": 2, "value": "staffExpense$"}}, {"model": "merlin_api.unittype", "pk": 22, "fields": {"sim": 2, "value": "ITexpense$"}}, {"model": "merlin_api.unittype", "pk": 23, "fields": {"sim": 2, "value": "desktop#"}}, {"model": "merlin_api.unittype", "pk": 24, "fields": {"sim": 2, "value": "accommodationExpense$"}}, {"model": "merlin_api.unittype", "pk": 25, "fields": {"sim": 2, "value": "LS_work_hr"}}, {"model": "merlin_api.unittype", "pk": 26, "fields": {"sim": 2, "value": "OH_work_hr"}}, {"model": "merlin_api.unittype", "pk": 27, "fields": {"sim": 2, "value": "appl#"}}, {"model": "merlin_api.unittype", "pk": 28, "fields": {"sim": 3, "value": "staff$"}}, {"model": "merlin_api.unittype", "pk": 29, "fields": {"sim": 3, "value": "opsurplus$"}}, {"model": "merlin_api.unittype", "pk": 30, "fields": {"sim": 3, "value": "other$"}}, {"model": "merlin_api.unittype", "pk": 31, "fields": {"sim": 3, "value": "workspace#"}}, {"model": "merlin_api.unittype", "pk": 32, "fields": {"sim": 3, "value": "revenue$"}}, {"model": "merlin_api.unittype", "pk": 33, "fields": {"sim": 3, "value": "rent$"}}, {"model": "merlin_api.unittype", "pk": 34, "fields": {"sim": 3, "value": "surplus$"}}, {"model": "merlin_api.unittype", "pk": 35, "fields": {"sim": 3, "value": "staffExpense$"}}, {"model": "merlin_api.unittype", "pk": 36, "fields": {"sim": 3, "value": "ITexpense$"}}, {"model": "merlin_api.unittype", "pk": 37, "fields": {"sim": 3, "value": "OH_work_hr"}}, {"model": "merlin_api.unittype", "pk": 38, "fields": {"sim": 3, "value": "accommodationExpense$"}}, {"model": "merlin_api.unittype", "pk": 39, "fields": {"sim": 3, "value": "LS_work_hr"}}, {"model": "merlin_api.unittype", "pk": 40, "fields": {"sim": 3, "value": "desktop#"}}, {"model": "merlin_api.unittype", "pk": 41, "fields": {"sim": 3, "value": "appl#"}}, {"model": "merlin_api.attribute", "pk": 1, "fields": {"sim": 1, "value": "branch"}}, {"model": "merlin_api.attribute", "pk": 2, "fields": {"sim": 1, "value": "external capability"}}, {"model": "merlin_api.attribute", "pk": 3, "fields": {"sim": 1, "value": "asset"}}, {"model": "merlin_api.attribute", "pk": 4, "fields": {"sim": 1, "value": "budget"}}, {"model": "merlin_api.attribute", "pk": 5, "fields": {"sim": 1, "value": "resource"}}, {"model": "merlin_api.attribute", "pk": 6, "fields": {"sim": 1, "value": "service"}}, {"model": "merlin_api.attribute", "pk": 7, "fields": {"sim": 2, "value": "service"}}, {"model": "merlin_api.attribute", "pk": 8, "fields": {"sim": 2, "value": "branch"}}, {"model": "merlin_api.attribute", "pk": 9, "fields": {"sim": 2, "value": "resource"}}, {"model": "merlin_api.attribute", "pk": 10, "fields": {"sim": 2, "value": "budget"}}, {"model": "merlin_api.attribute", "pk": 11, "fields": {"sim": 2, "value": "asset"}}, {"model": "merlin_api.attribute", "pk": 12, "fields": {"sim": 3, "value": "branch"}}, {"model": "merlin_api.attribute", "pk": 13, "fields": {"sim": 3, "value": "external capability"}}, {"model": "merlin_api.attribute", "pk": 14, "fields": {"sim": 3, "value": "asset"}}, {"model": "merlin_api.attribute", "pk": 15, "fields": {"sim": 3, "value": "budget"}}, {"model": "merlin_api.attribute", "pk": 16, "fields": {"sim": 3, "value": "resource"}}, {"model": "merlin_api.attribute", "pk": 17, "fields": {"sim": 3, "value": "service"}}, {"model": "merlin_api.output", "pk": 1, "fields": {"name": "Additional Files Stored", "description": null, "sim": 1, "attributes": "[]", "unit_type": 10, "minimum": 10000.0, "deliver_date": null, "display_pos_x": 1619.0, "display_pos_y": 749.0}}, {"model": "merlin_api.output", "pk": 2, "fields": {"name": "Service Revenue", "description": null, "sim": 1, "attributes": "[]", "unit_type": 6, "minimum": null, "deliver_date": null, "display_pos_x": 1620.0, "display_pos_y": 615.0}}, {"model": "merlin_api.output", "pk": 3, "fields": {"name": "Budgetary Surplus", "description": null, "sim": 1, "attributes": "[]", "unit_type": 8, "minimum": null, "deliver_date": null, "display_pos_x": 1628.0, "display_pos_y": 312.0}}, {"model": "merlin_api.output", "pk": 4, "fields": {"name": "Operational Surplus", "description": null, "sim": 1, "attributes": "[]", "unit_type": 3, "minimum": null, "deliver_date": null, "display_pos_x": 1627.0, "display_pos_y": 477.0}}, {"model": "merlin_api.output", "pk": 5, "fields": {"name": "Applications Processed", "description": null, "sim": 2, "attributes": "[]", "unit_type": 27, "minimum": 30000.0, "deliver_date": null, "display_pos_x": 1633.0, "display_pos_y": 816.0}}, {"model": "merlin_api.output", "pk": 6, "fields": {"name": "Budgetary Surplus", "description": null, "sim": 2, "attributes": "[]", "unit_type": 20, "minimum": null, "deliver_date": null, "display_pos_x": 1616.0, "display_pos_y": 631.0}}, {"model": "merlin_api.output", "pk": 7, "fields": {"name": "Service Revenue", "description": null, "sim": 2, "attributes": "[]", "unit_type": 18, "minimum": null, "deliver_date": null, "display_pos_x": 1600.0, "display_pos_y": 319.0}}, {"model": "merlin_api.output", "pk": 8, "fields": {"name": "Operational Surplus", "description": null, "sim": 2, "attributes": "[]", "unit_type": 15, "minimum": null, "deliver_date": null, "display_pos_x": 1612.0, "display_pos_y": 478.0}}, {"model": "merlin_api.output", "pk": 9, "fields": {"name": "Budgetary Surplus", "description": null, "sim": 3, "attributes": "[]", "unit_type": 34, "minimum": null, "deliver_date": null, "display_pos_x": 1674.0, "display_pos_y": 112.0}}, {"model": "merlin_api.output", "pk": 10, "fields": {"name": "Operational Surplus", "description": null, "sim": 3, "attributes": "[]", "unit_type": 29, "minimum": null, "deliver_date": null, "display_pos_x": 1694.0, "display_pos_y": 261.0}}, {"model": "merlin_api.output", "pk": 11, "fields": {"name": "Service Revenue", "description": null, "sim": 3, "attributes": "[]", "unit_type": 32, "minimum": null, "deliver_date": null, "display_pos_x": 1696.0, "display_pos_y": 491.0}}, {"model": "merlin_api.output", "pk": 12, "fields": {"name": "Applications Processed", "description": null, "sim": 3, "attributes": "[]", "unit_type": 41, "minimum": 30000.0, "deliver_date": null, "display_pos_x": 1706.0, "display_pos_y": 740.0}}, {"model": "merlin_api.entity", "pk": 1, "fields": {"name": "Budgeted \u2013 Other Expenses", "description": null, "sim": 1, "attributes": "[\"budget\"]", "parent": 2, "is_source": true, "display_pos_x": 43.0, "display_pos_y": 186.0}}, {"model": "merlin_api.entity", "pk": 2, "fields": {"name": "Storage Service", "description": null, "sim": 1, "attributes": "[\"service\"]", "parent": 5, "is_source": false, "display_pos_x": 341.0, "display_pos_y": 220.0}}, {"model": "merlin_api.entity", "pk": 3, "fields": {"name": "Staff Accommodation", "description": null, "sim": 1, "attributes": "[\"resource\"]", "parent": 2, "is_source": false, "display_pos_x": 461.0, "display_pos_y": 369.0}}, {"model": "merlin_api.entity", "pk": 4, "fields": {"name": "Storage Service", "description": null, "sim": 1, "attributes": "[\"asset\"]", "parent": 2, "is_source": false, "display_pos_x": 1226.0, "display_pos_y": 233.0}}, {"model": "merlin_api.entity", "pk": 5, "fields": {"name": "Information Services Branch", "description": null, "sim": 1, "attributes": "[\"branch\"]", "parent": null, "is_source": false, "display_pos_x": 291.0, "display_pos_y": 121.0}}, {"model": "merlin_api.entity", "pk": 6, "fields": {"name": "Budgeted \u2013 Rent Expenses", "description": null, "sim": 1, "attributes": "[\"budget\"]", "parent": 2, "is_source": true, "display_pos_x": 45.0, "display_pos_y": 701.0}}, {"model": "merlin_api.entity", "pk": 7, "fields": {"name": "Staff", "description": null, "sim": 1, "attributes": "[\"resource\"]", "parent": 2, "is_source": false, "display_pos_x": 655.0, "display_pos_y": 161.0}}, {"model": "merlin_api.entity", "pk": 8, "fields": {"name": "Budgeted \u2013 Staff Expenses", "description": null, "sim": 1, "attributes": "[\"budget\"]", "parent": 2, "is_source": true, "display_pos_x": 49.0, "display_pos_y": 448.0}}, {"model": "merlin_api.entity", "pk": 9, "fields": {"name": "File Logistics", "description": null, "sim": 1, "attributes": "[\"external capability\"]", "parent": 2, "is_source": false, "display_pos_x": 926.0, "display_pos_y": 256.0}}, {"model": "merlin_api.entity", "pk": 10, "fields": {"name": "Registration Services Branch", "description": null, "sim": 2, "attributes": "[\"branch\"]", "parent": null, "is_source": false, "display_pos_x": 225.0, "display_pos_y": 59.0}}, {"model": "merlin_api.entity", "pk": 11, "fields": {"name": "Staff Accommodation", "description": null, "sim": 2, "attributes": "[\"resource\"]", "parent": 17, "is_source": false, "display_pos_x": 280.0, "display_pos_y": 249.0}}, {"model": "merlin_api.entity", "pk": 12, "fields": {"name": "Budgeted \u2013 Staff Expenses", "description": null, "sim": 2, "attributes": "[\"budget\"]", "parent": 17, "is_source": true, "display_pos_x": 53.0, "display_pos_y": 392.0}}, {"model": "merlin_api.entity", "pk": 13, "fields": {"name": "Staff", "description": null, "sim": 2, "attributes": "[\"resource\"]", "parent": 17, "is_source": false, "display_pos_x": 555.0, "display_pos_y": 137.0}}, {"model": "merlin_api.entity", "pk": 14, "fields": {"name": "Registration Service", "description": null, "sim": 2, "attributes": "[\"asset\"]", "parent": 17, "is_source": false, "display_pos_x": 1317.0, "display_pos_y": 261.0}}, {"model": "merlin_api.entity", "pk": 15, "fields": {"name": "Budgeted \u2013 Rent Expenses", "description": null, "sim": 2, "attributes": "[\"budget\"]", "parent": 17, "is_source": true, "display_pos_x": 53.0, "display_pos_y": 658.0}}, {"model": "merlin_api.entity", "pk": 16, "fields": {"name": "Budgeted \u2013 Other Expenses", "description": null, "sim": 2, "attributes": "[\"budget\"]", "parent": 17, "is_source": true, "display_pos_x": 65.0, "display_pos_y": 135.0}}, {"model": "merlin_api.entity", "pk": 17, "fields": {"name": "Registration Service", "description": null, "sim": 2, "attributes": "[\"service\"]", "parent": 10, "is_source": false, "display_pos_x": 307.0, "display_pos_y": 164.0}}, {"model": "merlin_api.entity", "pk": 18, "fields": {"name": "In-house Desktop Service", "description": null, "sim": 2, "attributes": "[\"asset\"]", "parent": 17, "is_source": false, "display_pos_x": 951.0, "display_pos_y": 160.0}}, {"model": "merlin_api.entity", "pk": 19, "fields": {"name": "Registration Service", "description": null, "sim": 3, "attributes": "[\"asset\"]", "parent": 25, "is_source": false, "display_pos_x": 1429.0, "display_pos_y": 190.0}}, {"model": "merlin_api.entity", "pk": 20, "fields": {"name": "In-house Desktop Service", "description": null, "sim": 3, "attributes": "[\"asset\"]", "parent": 25, "is_source": false, "display_pos_x": 824.0, "display_pos_y": 134.0}}, {"model": "merlin_api.entity", "pk": 21, "fields": {"name": "Budgeted \u2013 Staff Expenses", "description": null, "sim": 3, "attributes": "[\"budget\"]", "parent": 25, "is_source": true, "display_pos_x": 32.0, "display_pos_y": 170.0}}, {"model": "merlin_api.entity", "pk": 22, "fields": {"name": "Budgeted \u2013 Other Expenses", "description": null, "sim": 3, "attributes": "[\"budget\"]", "parent": 25, "is_source": true, "display_pos_x": 23.0, "display_pos_y": 758.0}}, {"model": "merlin_api.entity", "pk": 23, "fields": {"name": "Budgeted \u2013 Rent Expenses", "description": null, "sim": 3, "attributes": "[\"budget\"]", "parent": 25, "is_source": true, "display_pos_x": 21.0, "display_pos_y": 463.0}}, {"model": "merlin_api.entity", "pk": 24, "fields": {"name": "Staff", "description": null, "sim": 3, "attributes": "[\"resource\"]", "parent": 25, "is_source": false, "display_pos_x": 498.0, "display_pos_y": 121.0}}, {"model": "merlin_api.entity", "pk": 25, "fields": {"name": "Registration Service using DaaS", "description": null, "sim": 3, "attributes": "[\"service\"]", "parent": 27, "is_source": false, "display_pos_x": 243.0, "display_pos_y": 161.0}}, {"model": "merlin_api.entity", "pk": 26, "fields": {"name": "Staff Accommodation", "description": null, "sim": 3, "attributes": "[\"resource\"]", "parent": 25, "is_source": false, "display_pos_x": 260.0, "display_pos_y": 406.0}}, {"model": "merlin_api.entity", "pk": 27, "fields": {"name": "Registration Services Branch", "description": null, "sim": 3, "attributes": "[\"branch\"]", "parent": null, "is_source": false, "display_pos_x": 117.0, "display_pos_y": 75.0}}, {"model": "merlin_api.entity", "pk": 28, "fields": {"name": "External Desktop Service", "description": null, "sim": 3, "attributes": "[\"external capability\"]", "parent": 25, "is_source": false, "display_pos_x": 1092.0, "display_pos_y": 139.0}}, {"model": "merlin_api.outputconnector", "pk": 1, "fields": {"name": "other$_output", "description": "$", "unit_type": 4, "parent": 1, "apportion_rule": 2}}, {"model": "merlin_api.outputconnector", "pk": 2, "fields": {"name": "surplus$_output", "description": "budgetary surplus", "unit_type": 8, "parent": 3, "apportion_rule": 2}}, {"model": "merlin_api.outputconnector", "pk": 3, "fields": {"name": "workspace#_output", "description": "staff accommodated", "unit_type": 5, "parent": 3, "apportion_rule": 2}}, {"model": "merlin_api.outputconnector", "pk": 4, "fields": {"name": "accommodationExpense$_output", "description": "rent expenses", "unit_type": 11, "parent": 3, "apportion_rule": 2}}, {"model": "merlin_api.outputconnector", "pk": 5, "fields": {"name": "revenue$_output", "description": "Service Revenue", "unit_type": 6, "parent": 4, "apportion_rule": 2}}, {"model": "merlin_api.outputconnector", "pk": 6, "fields": {"name": "opsurplus$_output", "description": "Operational Surplus", "unit_type": 3, "parent": 4, "apportion_rule": 2}}, {"model": "merlin_api.outputconnector", "pk": 7, "fields": {"name": "surplus$_output", "description": "Budgetary Surplus", "unit_type": 8, "parent": 4, "apportion_rule": 2}}, {"model": "merlin_api.outputconnector", "pk": 8, "fields": {"name": "file#_output", "description": "Additional Files Stored", "unit_type": 10, "parent": 4, "apportion_rule": 2}}, {"model": "merlin_api.outputconnector", "pk": 9, "fields": {"name": "rent$_output", "description": "$", "unit_type": 7, "parent": 6, "apportion_rule": 2}}, {"model": "merlin_api.outputconnector", "pk": 10, "fields": {"name": "surplus$_output", "description": "Budgetary Surplus", "unit_type": 8, "parent": 7, "apportion_rule": 2}}, {"model": "merlin_api.outputconnector", "pk": 11, "fields": {"name": "staffExpense$_output", "description": "Staff Expenses", "unit_type": 9, "parent": 7, "apportion_rule": 2}}, {"model": "merlin_api.outputconnector", "pk": 12, "fields": {"name": "OH_work_hr_output", "description": "Overhead work hrs", "unit_type": 13, "parent": 7, "apportion_rule": 2}}, {"model": "merlin_api.outputconnector", "pk": 13, "fields": {"name": "LS_work_hr_output", "description": "Line staff work hrs", "unit_type": 12, "parent": 7, "apportion_rule": 2}}, {"model": "merlin_api.outputconnector", "pk": 14, "fields": {"name": "staff$_output", "description": "$", "unit_type": 2, "parent": 8, "apportion_rule": 2}}, {"model": "merlin_api.outputconnector", "pk": 15, "fields": {"name": "logisticExpense$_output", "description": "monthly logistics costs", "unit_type": 1, "parent": 9, "apportion_rule": 2}}, {"model": "merlin_api.outputconnector", "pk": 16, "fields": {"name": "other$_output", "description": "budgetary surplus", "unit_type": 4, "parent": 9, "apportion_rule": 2}}, {"model": "merlin_api.outputconnector", "pk": 17, "fields": {"name": "file#_output", "description": "files handled", "unit_type": 10, "parent": 9, "apportion_rule": 2}}, {"model": "merlin_api.outputconnector", "pk": 18, "fields": {"name": "accommodationExpense$_output", "description": "rent expenses", "unit_type": 24, "parent": 11, "apportion_rule": 2}}, {"model": "merlin_api.outputconnector", "pk": 19, "fields": {"name": "workspace#_output", "description": "staff accommodated", "unit_type": 17, "parent": 11, "apportion_rule": 2}}, {"model": "merlin_api.outputconnector", "pk": 20, "fields": {"name": "surplus$_output", "description": "budgetary surplus", "unit_type": 20, "parent": 11, "apportion_rule": 2}}, {"model": "merlin_api.outputconnector", "pk": 21, "fields": {"name": "staff$_output", "description": "$", "unit_type": 14, "parent": 12, "apportion_rule": 2}}, {"model": "merlin_api.outputconnector", "pk": 22, "fields": {"name": "OH_work_hr_output", "description": "Overhead work hrs", "unit_type": 26, "parent": 13, "apportion_rule": 2}}, {"model": "merlin_api.outputconnector", "pk": 23, "fields": {"name": "LS_work_hr_output", "description": "Line staff work hrs", "unit_type": 25, "parent": 13, "apportion_rule": 2}}, {"model": "merlin_api.outputconnector", "pk": 24, "fields": {"name": "staffExpense$_output", "description": "Staff Expenses", "unit_type": 21, "parent": 13, "apportion_rule": 2}}, {"model": "merlin_api.outputconnector", "pk": 25, "fields": {"name": "surplus$_output", "description": "Budgetary Surplus", "unit_type": 20, "parent": 13, "apportion_rule": 2}}, {"model": "merlin_api.outputconnector", "pk": 26, "fields": {"name": "opsurplus$_output", "description": "Operational Surplus", "unit_type": 15, "parent": 14, "apportion_rule": 2}}, {"model": "merlin_api.outputconnector", "pk": 27, "fields": {"name": "appl#_output", "description": "Applications Processed", "unit_type": 27, "parent": 14, "apportion_rule": 2}}, {"model": "merlin_api.outputconnector", "pk": 28, "fields": {"name": "revenue$_output", "description": "Service Revenue", "unit_type": 18, "parent": 14, "apportion_rule": 2}}, {"model": "merlin_api.outputconnector", "pk": 29, "fields": {"name": "rent$_output", "description": "$", "unit_type": 19, "parent": 15, "apportion_rule": 2}}, {"model": "merlin_api.outputconnector", "pk": 30, "fields": {"name": "other$_output", "description": "$", "unit_type": 16, "parent": 16, "apportion_rule": 2}}, {"model": "merlin_api.outputconnector", "pk": 31, "fields": {"name": "surplus$_output", "description": "budgetary surplus", "unit_type": 20, "parent": 18, "apportion_rule": 2}}, {"model": "merlin_api.outputconnector", "pk": 32, "fields": {"name": "ITexpense$_output", "description": "IT expenses", "unit_type": 22, "parent": 18, "apportion_rule": 2}}, {"model": "merlin_api.outputconnector", "pk": 33, "fields": {"name": "desktop#_output", "description": "desktops provided", "unit_type": 23, "parent": 18, "apportion_rule": 2}}, {"model": "merlin_api.outputconnector", "pk": 34, "fields": {"name": "LS_work_hr_output", "description": "remaining line staff work hrs", "unit_type": 25, "parent": 18, "apportion_rule": 2}}, {"model": "merlin_api.outputconnector", "pk": 35, "fields": {"name": "opsurplus$_output", "description": "Operational Surplus", "unit_type": 29, "parent": 19, "apportion_rule": 2}}, {"model": "merlin_api.outputconnector", "pk": 36, "fields": {"name": "revenue$_output", "description": "Service Revenue", "unit_type": 32, "parent": 19, "apportion_rule": 2}}, {"model": "merlin_api.outputconnector", "pk": 37, "fields": {"name": "appl#_output", "description": "Applications Processed", "unit_type": 41, "parent": 19, "apportion_rule": 2}}, {"model": "merlin_api.outputconnector", "pk": 38, "fields": {"name": "desktop#_output", "description": "desktops provided", "unit_type": 40, "parent": 20, "apportion_rule": 2}}, {"model": "merlin_api.outputconnector", "pk": 39, "fields": {"name": "LS_work_hr_output", "description": "remaining line staff work hrs", "unit_type": 39, "parent": 20, "apportion_rule": 2}}, {"model": "merlin_api.outputconnector", "pk": 40, "fields": {"name": "surplus$_output", "description": "budgetary surplus", "unit_type": 34, "parent": 20, "apportion_rule": 2}}, {"model": "merlin_api.outputconnector", "pk": 41, "fields": {"name": "ITexpense$_output", "description": "IT expenses", "unit_type": 36, "parent": 20, "apportion_rule": 2}}, {"model": "merlin_api.outputconnector", "pk": 42, "fields": {"name": "staff$_output", "description": "$", "unit_type": 28, "parent": 21, "apportion_rule": 2}}, {"model": "merlin_api.outputconnector", "pk": 43, "fields": {"name": "other$_output", "description": "$", "unit_type": 30, "parent": 22, "apportion_rule": 2}}, {"model": "merlin_api.outputconnector", "pk": 44, "fields": {"name": "rent$_output", "description": "$", "unit_type": 33, "parent": 23, "apportion_rule": 2}}, {"model": "merlin_api.outputconnector", "pk": 45, "fields": {"name": "surplus$_output", "description": "Budgetary Surplus", "unit_type": 34, "parent": 24, "apportion_rule": 2}}, {"model": "merlin_api.outputconnector", "pk": 46, "fields": {"name": "LS_work_hr_output", "description": "Line staff work hrs", "unit_type": 39, "parent": 24, "apportion_rule": 2}}, {"model": "merlin_api.outputconnector", "pk": 47, "fields": {"name": "staffExpense$_output", "description": "Staff Expenses", "unit_type": 35, "parent": 24, "apportion_rule": 2}}, {"model": "merlin_api.outputconnector", "pk": 48, "fields": {"name": "OH_work_hr_output", "description": "Overhead work hrs", "unit_type": 37, "parent": 24, "apportion_rule": 2}}, {"model": "merlin_api.outputconnector", "pk": 49, "fields": {"name": "workspace#_output", "description": "staff accommodated", "unit_type": 31, "parent": 26, "apportion_rule": 2}}, {"model": "merlin_api.outputconnector", "pk": 50, "fields": {"name": "surplus$_output", "description": "budgetary surplus", "unit_type": 34, "parent": 26, "apportion_rule": 2}}, {"model": "merlin_api.outputconnector", "pk": 51, "fields": {"name": "accommodationExpense$_output", "description": "rent expenses", "unit_type": 38, "parent": 26, "apportion_rule": 2}}, {"model": "merlin_api.outputconnector", "pk": 52, "fields": {"name": "ITexpense$_output", "description": "IT expenses", "unit_type": 36, "parent": 28, "apportion_rule": 2}}, {"model": "merlin_api.outputconnector", "pk": 53, "fields": {"name": "OH_work_hr_output", "description": "remaining OH work hours", "unit_type": 37, "parent": 28, "apportion_rule": 2}}, {"model": "merlin_api.outputconnector", "pk": 54, "fields": {"name": "surplus$_output", "description": "budget_surplus", "unit_type": 34, "parent": 28, "apportion_rule": 2}}, {"model": "merlin_api.outputconnector", "pk": 55, "fields": {"name": "desktop#_output", "description": "desktops provided", "unit_type": 40, "parent": 28, "apportion_rule": 2}}, {"model": "merlin_api.inputconnector", "pk": 1, "fields": {"name": "rent$_input", "description": "rent expenses", "unit_type": 7, "source": 9, "additive_write": false, "parent": 3}}, {"model": "merlin_api.inputconnector", "pk": 2, "fields": {"name": "staffExpense$_input", "description": "staff expenses", "unit_type": 9, "source": 11, "additive_write": false, "parent": 4}}, {"model": "merlin_api.inputconnector", "pk": 3, "fields": {"name": "accommodationExpense$_input", "description": "accommodation expenses", "unit_type": 11, "source": 4, "additive_write": false, "parent": 4}}, {"model": "merlin_api.inputconnector", "pk": 4, "fields": {"name": "logisticExpense$_input", "description": "logistics expenses", "unit_type": 1, "source": 15, "additive_write": false, "parent": 4}}, {"model": "merlin_api.inputconnector", "pk": 5, "fields": {"name": "file#_input", "description": "file count", "unit_type": 10, "source": 17, "additive_write": false, "parent": 4}}, {"model": "merlin_api.inputconnector", "pk": 6, "fields": {"name": "other$_input", "description": "monthly operational budget", "unit_type": 4, "source": 16, "additive_write": false, "parent": 4}}, {"model": "merlin_api.inputconnector", "pk": 7, "fields": {"name": "LS_work_hr_input", "description": "monthly line staff work hrs", "unit_type": 12, "source": 13, "additive_write": false, "parent": 4}}, {"model": "merlin_api.inputconnector", "pk": 8, "fields": {"name": "workspace#_input", "description": "Workplaces Available", "unit_type": 5, "source": 3, "additive_write": false, "parent": 7}}, {"model": "merlin_api.inputconnector", "pk": 9, "fields": {"name": "staff$_input", "description": "Staff Budget", "unit_type": 2, "source": 14, "additive_write": false, "parent": 7}}, {"model": "merlin_api.inputconnector", "pk": 10, "fields": {"name": "OH_work_hr_input", "description": "overhead staff work hrs", "unit_type": 13, "source": 12, "additive_write": false, "parent": 9}}, {"model": "merlin_api.inputconnector", "pk": 11, "fields": {"name": "other$_input", "description": "Monthly Contract Budget", "unit_type": 4, "source": 1, "additive_write": false, "parent": 9}}, {"model": "merlin_api.inputconnector", "pk": 12, "fields": {"name": "rent$_input", "description": "rent expenses", "unit_type": 19, "source": 29, "additive_write": false, "parent": 11}}, {"model": "merlin_api.inputconnector", "pk": 13, "fields": {"name": "workspace#_input", "description": "Workplaces Available", "unit_type": 17, "source": 19, "additive_write": false, "parent": 13}}, {"model": "merlin_api.inputconnector", "pk": 14, "fields": {"name": "staff$_input", "description": "Staff Budget", "unit_type": 14, "source": 21, "additive_write": false, "parent": 13}}, {"model": "merlin_api.inputconnector", "pk": 15, "fields": {"name": "desktop#_input", "description": "desktops provided", "unit_type": 23, "source": 33, "additive_write": false, "parent": 14}}, {"model": "merlin_api.inputconnector", "pk": 16, "fields": {"name": "staffExpense$_input", "description": "Staff Expenses", "unit_type": 21, "source": 24, "additive_write": false, "parent": 14}}, {"model": "merlin_api.inputconnector", "pk": 17, "fields": {"name": "ITexpense$_input", "description": "IT Expenses", "unit_type": 22, "source": 32, "additive_write": false, "parent": 14}}, {"model": "merlin_api.inputconnector", "pk": 18, "fields": {"name": "LS_work_hr_input", "description": "line staff work hours", "unit_type": 25, "source": 34, "additive_write": false, "parent": 14}}, {"model": "merlin_api.inputconnector", "pk": 19, "fields": {"name": "accommodationExpense$_input", "description": "Accommodation Expenses", "unit_type": 24, "source": 18, "additive_write": false, "parent": 14}}, {"model": "merlin_api.inputconnector", "pk": 20, "fields": {"name": "other$_input", "description": "IT budget", "unit_type": 16, "source": 30, "additive_write": false, "parent": 18}}, {"model": "merlin_api.inputconnector", "pk": 21, "fields": {"name": "LS_work_hr_input", "description": "line staff work hrs", "unit_type": 25, "source": 23, "additive_write": false, "parent": 18}}, {"model": "merlin_api.inputconnector", "pk": 22, "fields": {"name": "ITexpense$_input", "description": "IT Expenses", "unit_type": 36, "source": 52, "additive_write": false, "parent": 19}}, {"model": "merlin_api.inputconnector", "pk": 23, "fields": {"name": "staffExpense$_input", "description": "Staff Expenses", "unit_type": 35, "source": 47, "additive_write": false, "parent": 19}}, {"model": "merlin_api.inputconnector", "pk": 24, "fields": {"name": "accommodationExpense$_input", "description": "Accommodation Expenses", "unit_type": 38, "source": 51, "additive_write": false, "parent": 19}}, {"model": "merlin_api.inputconnector", "pk": 25, "fields": {"name": "LS_work_hr_input", "description": "line staff work hours", "unit_type": 39, "source": 39, "additive_write": false, "parent": 19}}, {"model": "merlin_api.inputconnector", "pk": 26, "fields": {"name": "desktop#_input", "description": "desktops provided", "unit_type": 40, "source": 55, "additive_write": false, "parent": 19}}, {"model": "merlin_api.inputconnector", "pk": 27, "fields": {"name": "LS_work_hr_input", "description": "line staff work hrs", "unit_type": 39, "source": 46, "additive_write": false, "parent": 20}}, {"model": "merlin_api.inputconnector", "pk": 28, "fields": {"name": "other$_input", "description": "IT budget", "unit_type": 30, "source": 43, "additive_write": false, "parent": 20}}, {"model": "merlin_api.inputconnector", "pk": 29, "fields": {"name": "workspace#_input", "description": "Workplaces Available", "unit_type": 31, "source": 49, "additive_write": false, "parent": 24}}, {"model": "merlin_api.inputconnector", "pk": 30, "fields": {"name": "staff$_input", "description": "Staff Budget", "unit_type": 28, "source": 42, "additive_write": false, "parent": 24}}, {"model": "merlin_api.inputconnector", "pk": 31, "fields": {"name": "rent$_input", "description": "rent expenses", "unit_type": 33, "source": 44, "additive_write": false, "parent": 26}}, {"model": "merlin_api.inputconnector", "pk": 32, "fields": {"name": "OH_work_hr_input", "description": "overhead_staff_work_hr", "unit_type": 37, "source": 48, "additive_write": false, "parent": 28}}, {"model": "merlin_api.inputconnector", "pk": 33, "fields": {"name": "surplus$_input", "description": "contract_budget", "unit_type": 34, "source": 40, "additive_write": false, "parent": 28}}, {"model": "merlin_api.inputconnector", "pk": 34, "fields": {"name": "desktop#_input", "description": "desktops from other providers", "unit_type": 40, "source": 38, "additive_write": false, "parent": 28}}, {"model": "merlin_api.inputconnector", "pk": 35, "fields": {"name": "ITexpense$_input", "description": "IT expenses other providers", "unit_type": 36, "source": 41, "additive_write": false, "parent": 28}}, {"model": "merlin_api.simoutputconnector", "pk": 1, "fields": {"name": "file#_input_from_240353479226125987230220851667966765131", "description": "", "source": 8, "additive_write": false, "unit_type": 10, "parent": 1}}, {"model": "merlin_api.simoutputconnector", "pk": 2, "fields": {"name": "revenue$_input_from_240353479226125987230220851667966765131", "description": "", "source": 5, "additive_write": false, "unit_type": 6, "parent": 2}}, {"model": "merlin_api.simoutputconnector", "pk": 3, "fields": {"name": "surplus$_input_from_84567606918874480912029610709207910164", "description": "", "source": 2, "additive_write": false, "unit_type": 8, "parent": 3}}, {"model": "merlin_api.simoutputconnector", "pk": 4, "fields": {"name": "surplus$_input_from_330536525517900329933401978588412667664", "description": "", "source": 10, "additive_write": false, "unit_type": 8, "parent": 3}}, {"model": "merlin_api.simoutputconnector", "pk": 5, "fields": {"name": "surplus$_input_from_240353479226125987230220851667966765131", "description": "", "source": 7, "additive_write": false, "unit_type": 8, "parent": 3}}, {"model": "merlin_api.simoutputconnector", "pk": 6, "fields": {"name": "opsurplus$_input_from_240353479226125987230220851667966765131", "description": "", "source": 6, "additive_write": false, "unit_type": 3, "parent": 4}}, {"model": "merlin_api.simoutputconnector", "pk": 7, "fields": {"name": "appl#_input_from_307029658652918662116209987921911619265", "description": "", "source": 27, "additive_write": false, "unit_type": 27, "parent": 5}}, {"model": "merlin_api.simoutputconnector", "pk": 8, "fields": {"name": "surplus$_input_from_83891125609728602901089541052961057820", "description": "", "source": 20, "additive_write": false, "unit_type": 20, "parent": 6}}, {"model": "merlin_api.simoutputconnector", "pk": 9, "fields": {"name": "surplus$_input_from_178058262164188800777490476303478100704", "description": "", "source": 25, "additive_write": false, "unit_type": 20, "parent": 6}}, {"model": "merlin_api.simoutputconnector", "pk": 10, "fields": {"name": "surplus$_input_from_334823983021779682545671615842917379956", "description": "", "source": 31, "additive_write": false, "unit_type": 20, "parent": 6}}, {"model": "merlin_api.simoutputconnector", "pk": 11, "fields": {"name": "revenue$_input_from_307029658652918662116209987921911619265", "description": "", "source": 28, "additive_write": false, "unit_type": 18, "parent": 7}}, {"model": "merlin_api.simoutputconnector", "pk": 12, "fields": {"name": "opsurplus$_input_from_307029658652918662116209987921911619265", "description": "", "source": 26, "additive_write": false, "unit_type": 15, "parent": 8}}, {"model": "merlin_api.simoutputconnector", "pk": 13, "fields": {"name": "surplus$_input_from_183042792183277825970573453291592619839", "description": "", "source": 54, "additive_write": false, "unit_type": 34, "parent": 9}}, {"model": "merlin_api.simoutputconnector", "pk": 14, "fields": {"name": "surplus$_input_from_315462746541115349805294061110547540191", "description": "", "source": 45, "additive_write": false, "unit_type": 34, "parent": 9}}, {"model": "merlin_api.simoutputconnector", "pk": 15, "fields": {"name": "surplus$_input_from_202391795317453606262209239833728963936", "description": "", "source": 50, "additive_write": false, "unit_type": 34, "parent": 9}}, {"model": "merlin_api.simoutputconnector", "pk": 16, "fields": {"name": "opsurplus$_input_from_143098933392276613117680974229802006101", "description": "", "source": 35, "additive_write": false, "unit_type": 29, "parent": 10}}, {"model": "merlin_api.simoutputconnector", "pk": 17, "fields": {"name": "revenue$_input_from_143098933392276613117680974229802006101", "description": "", "source": 36, "additive_write": false, "unit_type": 32, "parent": 11}}, {"model": "merlin_api.simoutputconnector", "pk": 18, "fields": {"name": "appl#_input_from_143098933392276613117680974229802006101", "description": "", "source": 37, "additive_write": false, "unit_type": 41, "parent": 12}}, {"model": "merlin_api.endpoint", "pk": 1, "fields": {"name": "", "description": "", "parent": 1, "bias": 1.0, "input": 11, "sim_output": null}}, {"model": "merlin_api.endpoint", "pk": 2, "fields": {"name": "", "description": "", "parent": 2, "bias": 1.0, "input": null, "sim_output": 3}}, {"model": "merlin_api.endpoint", "pk": 3, "fields": {"name": "", "description": "", "parent": 3, "bias": 1.0, "input": 8, "sim_output": null}}, {"model": "merlin_api.endpoint", "pk": 4, "fields": {"name": "", "description": "", "parent": 4, "bias": 1.0, "input": 3, "sim_output": null}}, {"model": "merlin_api.endpoint", "pk": 5, "fields": {"name": "", "description": "", "parent": 5, "bias": 1.0, "input": null, "sim_output": 2}}, {"model": "merlin_api.endpoint", "pk": 6, "fields": {"name": "", "description": "", "parent": 6, "bias": 1.0, "input": null, "sim_output": 6}}, {"model": "merlin_api.endpoint", "pk": 7, "fields": {"name": "", "description": "", "parent": 7, "bias": 1.0, "input": null, "sim_output": 5}}, {"model": "merlin_api.endpoint", "pk": 8, "fields": {"name": "", "description": "", "parent": 8, "bias": 1.0, "input": null, "sim_output": 1}}, {"model": "merlin_api.endpoint", "pk": 9, "fields": {"name": "", "description": "", "parent": 9, "bias": 1.0, "input": 1, "sim_output": null}}, {"model": "merlin_api.endpoint", "pk": 10, "fields": {"name": "", "description": "", "parent": 10, "bias": 1.0, "input": null, "sim_output": 4}}, {"model": "merlin_api.endpoint", "pk": 11, "fields": {"name": "", "description": "", "parent": 11, "bias": 1.0, "input": 2, "sim_output": null}}, {"model": "merlin_api.endpoint", "pk": 12, "fields": {"name": "", "description": "", "parent": 12, "bias": 1.0, "input": 10, "sim_output": null}}, {"model": "merlin_api.endpoint", "pk": 13, "fields": {"name": "", "description": "", "parent": 13, "bias": 1.0, "input": 7, "sim_output": null}}, {"model": "merlin_api.endpoint", "pk": 14, "fields": {"name": "", "description": "", "parent": 14, "bias": 1.0, "input": 9, "sim_output": null}}, {"model": "merlin_api.endpoint", "pk": 15, "fields": {"name": "", "description": "", "parent": 15, "bias": 1.0, "input": 4, "sim_output": null}}, {"model": "merlin_api.endpoint", "pk": 16, "fields": {"name": "", "description": "", "parent": 16, "bias": 1.0, "input": 6, "sim_output": null}}, {"model": "merlin_api.endpoint", "pk": 17, "fields": {"name": "", "description": "", "parent": 17, "bias": 1.0, "input": 5, "sim_output": null}}, {"model": "merlin_api.endpoint", "pk": 18, "fields": {"name": "", "description": "", "parent": 18, "bias": 1.0, "input": 19, "sim_output": null}}, {"model": "merlin_api.endpoint", "pk": 19, "fields": {"name": "", "description": "", "parent": 19, "bias": 1.0, "input": 13, "sim_output": null}}, {"model": "merlin_api.endpoint", "pk": 20, "fields": {"name": "", "description": "", "parent": 20, "bias": 1.0, "input": null, "sim_output": 8}}, {"model": "merlin_api.endpoint", "pk": 21, "fields": {"name": "", "description": "", "parent": 21, "bias": 1.0, "input": 14, "sim_output": null}}, {"model": "merlin_api.endpoint", "pk": 22, "fields": {"name": "", "description": "", "parent": 23, "bias": 1.0, "input": 21, "sim_output": null}}, {"model": "merlin_api.endpoint", "pk": 23, "fields": {"name": "", "description": "", "parent": 24, "bias": 1.0, "input": 16, "sim_output": null}}, {"model": "merlin_api.endpoint", "pk": 24, "fields": {"name": "", "description": "", "parent": 25, "bias": 1.0, "input": null, "sim_output": 9}}, {"model": "merlin_api.endpoint", "pk": 25, "fields": {"name": "", "description": "", "parent": 26, "bias": 1.0, "input": null, "sim_output": 12}}, {"model": "merlin_api.endpoint", "pk": 26, "fields": {"name": "", "description": "", "parent": 27, "bias": 1.0, "input": null, "sim_output": 7}}, {"model": "merlin_api.endpoint", "pk": 27, "fields": {"name": "", "description": "", "parent": 28, "bias": 1.0, "input": null, "sim_output": 11}}, {"model": "merlin_api.endpoint", "pk": 28, "fields": {"name": "", "description": "", "parent": 29, "bias": 1.0, "input": 12, "sim_output": null}}, {"model": "merlin_api.endpoint", "pk": 29, "fields": {"name": "", "description": "", "parent": 30, "bias": 1.0, "input": 20, "sim_output": null}}, {"model": "merlin_api.endpoint", "pk": 30, "fields": {"name": "", "description": "", "parent": 31, "bias": 1.0, "input": null, "sim_output": 10}}, {"model": "merlin_api.endpoint", "pk": 31, "fields": {"name": "", "description": "", "parent": 32, "bias": 1.0, "input": 17, "sim_output": null}}, {"model": "merlin_api.endpoint", "pk": 32, "fields": {"name": "", "description": "", "parent": 33, "bias": 1.0, "input": 15, "sim_output": null}}, {"model": "merlin_api.endpoint", "pk": 33, "fields": {"name": "", "description": "", "parent": 34, "bias": 1.0, "input": 18, "sim_output": null}}, {"model": "merlin_api.endpoint", "pk": 34, "fields": {"name": "", "description": "", "parent": 35, "bias": 1.0, "input": null, "sim_output": 16}}, {"model": "merlin_api.endpoint", "pk": 35, "fields": {"name": "", "description": "", "parent": 36, "bias": 1.0, "input": null, "sim_output": 17}}, {"model": "merlin_api.endpoint", "pk": 36, "fields": {"name": "", "description": "", "parent": 37, "bias": 1.0, "input": null, "sim_output": 18}}, {"model": "merlin_api.endpoint", "pk": 37, "fields": {"name": "", "description": "", "parent": 38, "bias": 1.0, "input": 34, "sim_output": null}}, {"model": "merlin_api.endpoint", "pk": 38, "fields": {"name": "", "description": "", "parent": 39, "bias": 1.0, "input": 25, "sim_output": null}}, {"model": "merlin_api.endpoint", "pk": 39, "fields": {"name": "", "description": "", "parent": 40, "bias": 1.0, "input": 33, "sim_output": null}}, {"model": "merlin_api.endpoint", "pk": 40, "fields": {"name": "", "description": "", "parent": 41, "bias": 1.0, "input": 35, "sim_output": null}}, {"model": "merlin_api.endpoint", "pk": 41, "fields": {"name": "", "description": "", "parent": 42, "bias": 1.0, "input": 30, "sim_output": null}}, {"model": "merlin_api.endpoint", "pk": 42, "fields": {"name": "", "description": "", "parent": 43, "bias": 1.0, "input": 28, "sim_output": null}}, {"model": "merlin_api.endpoint", "pk": 43, "fields": {"name": "", "description": "", "parent": 44, "bias": 1.0, "input": 31, "sim_output": null}}, {"model": "merlin_api.endpoint", "pk": 44, "fields": {"name": "", "description": "", "parent": 45, "bias": 1.0, "input": null, "sim_output": 14}}, {"model": "merlin_api.endpoint", "pk": 45, "fields": {"name": "", "description": "", "parent": 46, "bias": 1.0, "input": 27, "sim_output": null}}, {"model": "merlin_api.endpoint", "pk": 46, "fields": {"name": "", "description": "", "parent": 47, "bias": 1.0, "input": 23, "sim_output": null}}, {"model": "merlin_api.endpoint", "pk": 47, "fields": {"name": "", "description": "", "parent": 48, "bias": 1.0, "input": 32, "sim_output": null}}, {"model": "merlin_api.endpoint", "pk": 48, "fields": {"name": "", "description": "", "parent": 49, "bias": 1.0, "input": 29, "sim_output": null}}, {"model": "merlin_api.endpoint", "pk": 49, "fields": {"name": "", "description": "", "parent": 50, "bias": 1.0, "input": null, "sim_output": 15}}, {"model": "merlin_api.endpoint", "pk": 50, "fields": {"name": "", "description": "", "parent": 51, "bias": 1.0, "input": 24, "sim_output": null}}, {"model": "merlin_api.endpoint", "pk": 51, "fields": {"name": "", "description": "", "parent": 52, "bias": 1.0, "input": 22, "sim_output": null}}, {"model": "merlin_api.endpoint", "pk": 52, "fields": {"name": "", "description": "", "parent": 54, "bias": 1.0, "input": null, "sim_output": 13}}, {"model": "merlin_api.endpoint", "pk": 53, "fields": {"name": "", "description": "", "parent": 55, "bias": 1.0, "input": 26, "sim_output": null}}, {"model": "merlin_api.process", "pk": 1, "fields": {"name": "other budget", "description": "", "parent": 1, "priority": 100, "process_class": "pymerlin.processes.BudgetProcess", "parameters": {"name": "other budget", "start_amount": 1000000.0, "budget_type": "other$"}}}, {"model": "merlin_api.process", "pk": 2, "fields": {"name": "staff accommodation", "description": "", "parent": 3, "priority": 100, "process_class": "examples.DIAServicesModel.StaffAccommodationProcess", "parameters": {"default_area_m2": 500, "name": "staff accommodation", "default_cost_m2": 400, "default_area_per_staff_m2": 15.0, "default_lease_term": 5}}}, {"model": "merlin_api.process", "pk": 3, "fields": {"name": "storage facility process", "description": "", "parent": 4, "priority": 100, "process_class": "examples.DIAServicesModel.StorageServiceProcess", "parameters": {"default_files_handled_per_lswork_hr": 2000, "name": "storage facility process", "default_annual_storage_rent": 500000.0, "default_storage_fee": 98}}}, {"model": "merlin_api.process", "pk": 4, "fields": {"name": "rent budget", "description": "", "parent": 6, "priority": 100, "process_class": "pymerlin.processes.BudgetProcess", "parameters": {"name": "rent budget", "start_amount": 4000000.0, "budget_type": "rent$"}}}, {"model": "merlin_api.process", "pk": 5, "fields": {"name": "line staff resource process", "description": "", "parent": 7, "priority": 100, "process_class": "examples.DIAServicesModel.StaffProcess", "parameters": {"name": "line staff resource process", "default_oh_staff_no": 3, "default_hours_per_week": 40.0, "default_hours_training": 100, "default_span_of_control": 12, "default_leave_percent": 20, "default_admin_training_percent": 20, "default_line_staff_no": 20, "default_avg_oh_salary": 60000.0, "default_avg_line_salary": 40000.0}}}, {"model": "merlin_api.process", "pk": 6, "fields": {"name": "staff budget", "description": "", "parent": 8, "priority": 100, "process_class": "pymerlin.processes.BudgetProcess", "parameters": {"name": "staff budget", "start_amount": 10800000.0, "budget_type": "staff$"}}}, {"model": "merlin_api.process", "pk": 7, "fields": {"name": "file logistics process", "description": "", "parent": 9, "priority": 100, "process_class": "examples.DIAServicesModel.OutsourcedFileLogisticsProcess", "parameters": {"name": "file logistics process", "contracted_volumes": 150000.0, "required_management_work_hr": 1640, "contract_cost": 150000, "actual_volumes": 125000.0, "default_contract_length": 6, "overage_cost_per_file": 10}}}, {"model": "merlin_api.process", "pk": 8, "fields": {"name": "staff accommodation", "description": "", "parent": 11, "priority": 100, "process_class": "examples.DIAServicesModel.StaffAccommodationProcess", "parameters": {"default_area_m2": 1650, "name": "staff accommodation", "default_cost_m2": 400, "default_area_per_staff_m2": 15.0, "default_lease_term": 5}}}, {"model": "merlin_api.process", "pk": 9, "fields": {"name": "staff budget", "description": "", "parent": 12, "priority": 100, "process_class": "pymerlin.processes.BudgetProcess", "parameters": {"name": "staff budget", "start_amount": 73000000.0, "budget_type": "staff$"}}}, {"model": "merlin_api.process", "pk": 10, "fields": {"name": "line staff resource process", "description": "", "parent": 13, "priority": 100, "process_class": "examples.DIAServicesModel.StaffProcess", "parameters": {"name": "line staff resource process", "default_oh_staff_no": 10, "default_hours_per_week": 40.0, "default_hours_training": 100, "default_span_of_control": 12, "default_leave_percent": 20, "default_admin_training_percent": 20, "default_line_staff_no": 100, "default_avg_oh_salary": 75000.0, "default_avg_line_salary": 60000.0}}}, {"model": "merlin_api.process", "pk": 11, "fields": {"name": "registration facility process", "description": "", "parent": 14, "priority": 100, "process_class": "examples.DIAServicesModel.RegistrationServiceProcess", "parameters": {"default_applications_processed_per_lswork_hr": 10, "name": "registration facility process", "default_registration_fee": 85.0, "default_applications_submitted": 1000000.0}}}, {"model": "merlin_api.process", "pk": 12, "fields": {"name": "rent budget", "description": "", "parent": 15, "priority": 100, "process_class": "pymerlin.processes.BudgetProcess", "parameters": {"name": "rent budget", "start_amount": 18000000.0, "budget_type": "rent$"}}}, {"model": "merlin_api.process", "pk": 13, "fields": {"name": "other budget", "description": "", "parent": 16, "priority": 100, "process_class": "pymerlin.processes.BudgetProcess", "parameters": {"name": "other budget", "start_amount": 800000.0, "budget_type": "other$"}}}, {"model": "merlin_api.process", "pk": 14, "fields": {"name": "Internal ICT Desktop Service", "description": "", "parent": 18, "priority": 100, "process_class": "examples.DIAServicesModel.InternalICTDesktopService", "parameters": {"depr_period": 4, "maint_cost_per_desktop": 400.0, "life_time": 6, "financial_charge_percent": 8, "actual_desktops": 110, "acq_cost_per_desktop": 4000.0, "it_hrs_per_desktop": 40.0}}}, {"model": "merlin_api.process", "pk": 15, "fields": {"name": "registration facility process", "description": "", "parent": 19, "priority": 100, "process_class": "examples.DIAServicesModel.RegistrationServiceProcess", "parameters": {"default_applications_processed_per_lswork_hr": 10, "name": "registration facility process", "default_registration_fee": 85.0, "default_applications_submitted": 1000000.0}}}, {"model": "merlin_api.process", "pk": 16, "fields": {"name": "Internal ICT Desktop Service", "description": "", "parent": 20, "priority": 100, "process_class": "examples.DIAServicesModel.InternalICTDesktopService", "parameters": {"depr_period": 4, "maint_cost_per_desktop": 400.0, "life_time": 6, "financial_charge_percent": 8, "actual_desktops": 110, "acq_cost_per_desktop": 4000.0, "it_hrs_per_desktop": 40.0}}}, {"model": "merlin_api.process", "pk": 17, "fields": {"name": "staff budget", "description": "", "parent": 21, "priority": 100, "process_class": "pymerlin.processes.BudgetProcess", "parameters": {"name": "staff budget", "start_amount": 73000000.0, "budget_type": "staff$"}}}, {"model": "merlin_api.process", "pk": 18, "fields": {"name": "other budget", "description": "", "parent": 22, "priority": 100, "process_class": "pymerlin.processes.BudgetProcess", "parameters": {"name": "other budget", "start_amount": 800000.0, "budget_type": "other$"}}}, {"model": "merlin_api.process", "pk": 19, "fields": {"name": "rent budget", "description": "", "parent": 23, "priority": 100, "process_class": "pymerlin.processes.BudgetProcess", "parameters": {"name": "rent budget", "start_amount": 18000000.0, "budget_type": "rent$"}}}, {"model": "merlin_api.process", "pk": 20, "fields": {"name": "line staff resource process", "description": "", "parent": 24, "priority": 100, "process_class": "examples.DIAServicesModel.StaffProcess", "parameters": {"name": "line staff resource process", "default_oh_staff_no": 10, "default_hours_per_week": 40.0, "default_hours_training": 100, "default_span_of_control": 12, "default_leave_percent": 20, "default_admin_training_percent": 20, "default_line_staff_no": 100, "default_avg_oh_salary": 75000.0, "default_avg_line_salary": 60000.0}}}, {"model": "merlin_api.process", "pk": 21, "fields": {"name": "staff accommodation", "description": "", "parent": 26, "priority": 100, "process_class": "examples.DIAServicesModel.StaffAccommodationProcess", "parameters": {"default_area_m2": 1650, "name": "staff accommodation", "default_cost_m2": 400, "default_area_per_staff_m2": 15.0, "default_lease_term": 5}}}, {"model": "merlin_api.process", "pk": 22, "fields": {"name": "Desktop Contract", "description": "", "parent": 28, "priority": 100, "process_class": "examples.DIAServicesModel.ICTDesktopContract", "parameters": {"cost_per_extra_desktop": 0, "contract_ohwork_hr": 0, "base_contract_costs": 0, "actual_desktops": 0, "min_contract_no": 0, "contract_duration": 6}}}, {"model": "merlin_api.processproperty", "pk": 1, "fields": {"name": "annual amount", "description": "", "process": 1, "property_type": 2, "default_value": 1000000.0, "max_value": null, "min_value": null, "readonly": false, "property_value": 1000000.0}}, {"model": "merlin_api.processproperty", "pk": 2, "fields": {"name": "area [m\u00b2]", "description": "", "process": 2, "property_type": 2, "default_value": 500.0, "max_value": null, "min_value": null, "readonly": false, "property_value": 500.0}}, {"model": "merlin_api.processproperty", "pk": 3, "fields": {"name": "area [m\u00b2]/staff", "description": "", "process": 2, "property_type": 2, "default_value": 15.0, "max_value": null, "min_value": null, "readonly": false, "property_value": 15.0}}, {"model": "merlin_api.processproperty", "pk": 4, "fields": {"name": "annual cost[$]/area [m\u00b2]", "description": "", "process": 2, "property_type": 2, "default_value": 400.0, "max_value": null, "min_value": null, "readonly": false, "property_value": 400.0}}, {"model": "merlin_api.processproperty", "pk": 5, "fields": {"name": "lease term [yr]", "description": "", "process": 2, "property_type": 2, "default_value": 5.0, "max_value": null, "min_value": null, "readonly": false, "property_value": 5.0}}, {"model": "merlin_api.processproperty", "pk": 6, "fields": {"name": "Files Handled / LS work hr", "description": "", "process": 3, "property_type": 2, "default_value": 2000.0, "max_value": null, "min_value": null, "readonly": false, "property_value": 2000.0}}, {"model": "merlin_api.processproperty", "pk": 7, "fields": {"name": "Access Fee / $", "description": "", "process": 3, "property_type": 2, "default_value": 98.0, "max_value": null, "min_value": null, "readonly": false, "property_value": 98.0}}, {"model": "merlin_api.processproperty", "pk": 8, "fields": {"name": "Annual Storage Rent", "description": "", "process": 3, "property_type": 2, "default_value": 500000.0, "max_value": null, "min_value": null, "readonly": false, "property_value": 500000.0}}, {"model": "merlin_api.processproperty", "pk": 9, "fields": {"name": "annual amount", "description": "", "process": 4, "property_type": 2, "default_value": 4000000.0, "max_value": null, "min_value": null, "readonly": false, "property_value": 4000000.0}}, {"model": "merlin_api.processproperty", "pk": 10, "fields": {"name": "annual leave [%]", "description": "", "process": 5, "property_type": 2, "default_value": 20.0, "max_value": null, "min_value": null, "readonly": false, "property_value": 20.0}}, {"model": "merlin_api.processproperty", "pk": 11, "fields": {"name": "admin & training [%]", "description": "", "process": 5, "property_type": 2, "default_value": 20.0, "max_value": null, "min_value": null, "readonly": false, "property_value": 20.0}}, {"model": "merlin_api.processproperty", "pk": 12, "fields": {"name": "overhead staff #", "description": "", "process": 5, "property_type": 2, "default_value": 3.0, "max_value": null, "min_value": null, "readonly": false, "property_value": 3.0}}, {"model": "merlin_api.processproperty", "pk": 13, "fields": {"name": "avg annual line salary", "description": "", "process": 5, "property_type": 2, "default_value": 40000.0, "max_value": null, "min_value": null, "readonly": false, "property_value": 40000.0}}, {"model": "merlin_api.processproperty", "pk": 14, "fields": {"name": "avg annual overhead salary", "description": "", "process": 5, "property_type": 2, "default_value": 60000.0, "max_value": null, "min_value": null, "readonly": false, "property_value": 60000.0}}, {"model": "merlin_api.processproperty", "pk": 15, "fields": {"name": "working hours per week", "description": "", "process": 5, "property_type": 2, "default_value": 40.0, "max_value": null, "min_value": null, "readonly": false, "property_value": 40.0}}, {"model": "merlin_api.processproperty", "pk": 16, "fields": {"name": "line staff #", "description": "", "process": 5, "property_type": 2, "default_value": 20.0, "max_value": null, "min_value": null, "readonly": false, "property_value": 20.0}}, {"model": "merlin_api.processproperty", "pk": 17, "fields": {"name": "span of control", "description": "", "process": 5, "property_type": 2, "default_value": 12.0, "max_value": null, "min_value": null, "readonly": false, "property_value": 12.0}}, {"model": "merlin_api.processproperty", "pk": 18, "fields": {"name": "hours of training period", "description": "", "process": 5, "property_type": 2, "default_value": 100.0, "max_value": null, "min_value": null, "readonly": false, "property_value": 100.0}}, {"model": "merlin_api.processproperty", "pk": 19, "fields": {"name": "annual amount", "description": "", "process": 6, "property_type": 2, "default_value": 10800000.0, "max_value": null, "min_value": null, "readonly": false, "property_value": 10800000.0}}, {"model": "merlin_api.processproperty", "pk": 20, "fields": {"name": "Contracted Annual File Volume", "description": "", "process": 7, "property_type": 2, "default_value": 150000.0, "max_value": null, "min_value": null, "readonly": false, "property_value": 150000.0}}, {"model": "merlin_api.processproperty", "pk": 21, "fields": {"name": "length of contract/yrs", "description": "", "process": 7, "property_type": 2, "default_value": 6.0, "max_value": null, "min_value": null, "readonly": false, "property_value": 6.0}}, {"model": "merlin_api.processproperty", "pk": 22, "fields": {"name": "Annual Overhead Staff Hours", "description": "", "process": 7, "property_type": 2, "default_value": 1640.0, "max_value": null, "min_value": null, "readonly": false, "property_value": 1640.0}}, {"model": "merlin_api.processproperty", "pk": 23, "fields": {"name": "Actual Annual File Volume", "description": "", "process": 7, "property_type": 2, "default_value": 125000.0, "max_value": null, "min_value": null, "readonly": false, "property_value": 125000.0}}, {"model": "merlin_api.processproperty", "pk": 24, "fields": {"name": "Annual Contract Cost", "description": "", "process": 7, "property_type": 2, "default_value": 150000.0, "max_value": null, "min_value": null, "readonly": false, "property_value": 150000.0}}, {"model": "merlin_api.processproperty", "pk": 25, "fields": {"name": "additional cost / file", "description": "", "process": 7, "property_type": 2, "default_value": 10.0, "max_value": null, "min_value": null, "readonly": false, "property_value": 10.0}}, {"model": "merlin_api.processproperty", "pk": 26, "fields": {"name": "area [m\u00b2]", "description": "", "process": 8, "property_type": 2, "default_value": 1650.0, "max_value": null, "min_value": null, "readonly": false, "property_value": 1650.0}}, {"model": "merlin_api.processproperty", "pk": 27, "fields": {"name": "area [m\u00b2]/staff", "description": "", "process": 8, "property_type": 2, "default_value": 15.0, "max_value": null, "min_value": null, "readonly": false, "property_value": 15.0}}, {"model": "merlin_api.processproperty", "pk": 28, "fields": {"name": "annual cost[$]/area [m\u00b2]", "description": "", "process": 8, "property_type": 2, "default_value": 400.0, "max_value": null, "min_value": null, "readonly": false, "property_value": 400.0}}, {"model": "merlin_api.processproperty", "pk": 29, "fields": {"name": "lease term [yr]", "description": "", "process": 8, "property_type": 2, "default_value": 5.0, "max_value": null, "min_value": null, "readonly": false, "property_value": 5.0}}, {"model": "merlin_api.processproperty", "pk": 30, "fields": {"name": "annual amount", "description": "", "process": 9, "property_type": 2, "default_value": 73000000.0, "max_value": null, "min_value": null, "readonly": false, "property_value": 73000000.0}}, {"model": "merlin_api.processproperty", "pk": 31, "fields": {"name": "annual leave [%]", "description": "", "process": 10, "property_type": 2, "default_value": 20.0, "max_value": null, "min_value": null, "readonly": false, "property_value": 20.0}}, {"model": "merlin_api.processproperty", "pk": 32, "fields": {"name": "admin & training [%]", "description": "", "process": 10, "property_type": 2, "default_value": 20.0, "max_value": null, "min_value": null, "readonly": false, "property_value": 20.0}}, {"model": "merlin_api.processproperty", "pk": 33, "fields": {"name": "overhead staff #", "description": "", "process": 10, "property_type": 2, "default_value": 10.0, "max_value": null, "min_value": null, "readonly": false, "property_value": 10.0}}, {"model": "merlin_api.processproperty", "pk": 34, "fields": {"name": "avg annual line salary", "description": "", "process": 10, "property_type": 2, "default_value": 60000.0, "max_value": null, "min_value": null, "readonly": false, "property_value": 60000.0}}, {"model": "merlin_api.processproperty", "pk": 35, "fields": {"name": "avg annual overhead salary", "description": "", "process": 10, "property_type": 2, "default_value": 75000.0, "max_value": null, "min_value": null, "readonly": false, "property_value": 75000.0}}, {"model": "merlin_api.processproperty", "pk": 36, "fields": {"name": "working hours per week", "description": "", "process": 10, "property_type": 2, "default_value": 40.0, "max_value": null, "min_value": null, "readonly": false, "property_value": 40.0}}, {"model": "merlin_api.processproperty", "pk": 37, "fields": {"name": "line staff #", "description": "", "process": 10, "property_type": 2, "default_value": 100.0, "max_value": null, "min_value": null, "readonly": false, "property_value": 100.0}}, {"model": "merlin_api.processproperty", "pk": 38, "fields": {"name": "span of control", "description": "", "process": 10, "property_type": 2, "default_value": 12.0, "max_value": null, "min_value": null, "readonly": false, "property_value": 12.0}}, {"model": "merlin_api.processproperty", "pk": 39, "fields": {"name": "hours of training period", "description": "", "process": 10, "property_type": 2, "default_value": 100.0, "max_value": null, "min_value": null, "readonly": false, "property_value": 100.0}}, {"model": "merlin_api.processproperty", "pk": 40, "fields": {"name": "Applications Submitted Per Year", "description": "", "process": 11, "property_type": 2, "default_value": 1000000.0, "max_value": null, "min_value": null, "readonly": false, "property_value": 1000000.0}}, {"model": "merlin_api.processproperty", "pk": 41, "fields": {"name": "Applications Processed / LS work_hr", "description": "", "process": 11, "property_type": 2, "default_value": 10.0, "max_value": null, "min_value": null, "readonly": false, "property_value": 10.0}}, {"model": "merlin_api.processproperty", "pk": 42, "fields": {"name": "Registration Fee / $", "description": "", "process": 11, "property_type": 2, "default_value": 85.0, "max_value": null, "min_value": null, "readonly": false, "property_value": 85.0}}, {"model": "merlin_api.processproperty", "pk": 43, "fields": {"name": "annual amount", "description": "", "process": 12, "property_type": 2, "default_value": 18000000.0, "max_value": null, "min_value": null, "readonly": false, "property_value": 18000000.0}}, {"model": "merlin_api.processproperty", "pk": 44, "fields": {"name": "annual amount", "description": "", "process": 13, "property_type": 2, "default_value": 800000.0, "max_value": null, "min_value": null, "readonly": false, "property_value": 800000.0}}, {"model": "merlin_api.processproperty", "pk": 45, "fields": {"name": "Financial Charge %", "description": "", "process": 14, "property_type": 2, "default_value": 8.0, "max_value": null, "min_value": null, "readonly": false, "property_value": 8.0}}, {"model": "merlin_api.processproperty", "pk": 46, "fields": {"name": "Actual Desktops", "description": "", "process": 14, "property_type": 2, "default_value": 110.0, "max_value": null, "min_value": null, "readonly": false, "property_value": 110.0}}, {"model": "merlin_api.processproperty", "pk": 47, "fields": {"name": "Annual Maintenance Cost / Desktop", "description": "", "process": 14, "property_type": 2, "default_value": 400.0, "max_value": null, "min_value": null, "readonly": false, "property_value": 400.0}}, {"model": "merlin_api.processproperty", "pk": 48, "fields": {"name": "Annual Support Hours Per Desktop", "description": "", "process": 14, "property_type": 2, "default_value": 40.0, "max_value": null, "min_value": null, "readonly": false, "property_value": 40.0}}, {"model": "merlin_api.processproperty", "pk": 49, "fields": {"name": "Desktop Lifetime [yrs]", "description": "", "process": 14, "property_type": 2, "default_value": 6.0, "max_value": null, "min_value": null, "readonly": false, "property_value": 6.0}}, {"model": "merlin_api.processproperty", "pk": 50, "fields": {"name": "Acquisition Costs / Desktop", "description": "", "process": 14, "property_type": 2, "default_value": 4000.0, "max_value": null, "min_value": null, "readonly": false, "property_value": 4000.0}}, {"model": "merlin_api.processproperty", "pk": 51, "fields": {"name": "depreciation Period [yrs]", "description": "", "process": 14, "property_type": 2, "default_value": 4.0, "max_value": null, "min_value": null, "readonly": false, "property_value": 4.0}}, {"model": "merlin_api.processproperty", "pk": 52, "fields": {"name": "Applications Submitted Per Year", "description": "", "process": 15, "property_type": 2, "default_value": 1000000.0, "max_value": null, "min_value": null, "readonly": false, "property_value": 1000000.0}}, {"model": "merlin_api.processproperty", "pk": 53, "fields": {"name": "Applications Processed / LS work_hr", "description": "", "process": 15, "property_type": 2, "default_value": 10.0, "max_value": null, "min_value": null, "readonly": false, "property_value": 10.0}}, {"model": "merlin_api.processproperty", "pk": 54, "fields": {"name": "Registration Fee / $", "description": "", "process": 15, "property_type": 2, "default_value": 85.0, "max_value": null, "min_value": null, "readonly": false, "property_value": 85.0}}, {"model": "merlin_api.processproperty", "pk": 55, "fields": {"name": "Financial Charge %", "description": "", "process": 16, "property_type": 2, "default_value": 8.0, "max_value": null, "min_value": null, "readonly": false, "property_value": 8.0}}, {"model": "merlin_api.processproperty", "pk": 56, "fields": {"name": "Actual Desktops", "description": "", "process": 16, "property_type": 2, "default_value": 110.0, "max_value": null, "min_value": null, "readonly": false, "property_value": 110.0}}, {"model": "merlin_api.processproperty", "pk": 57, "fields": {"name": "Annual Maintenance Cost / Desktop", "description": "", "process": 16, "property_type": 2, "default_value": 400.0, "max_value": null, "min_value": null, "readonly": false, "property_value": 400.0}}, {"model": "merlin_api.processproperty", "pk": 58, "fields": {"name": "Annual Support Hours Per Desktop", "description": "", "process": 16, "property_type": 2, "default_value": 40.0, "max_value": null, "min_value": null, "readonly": false, "property_value": 40.0}}, {"model": "merlin_api.processproperty", "pk": 59, "fields": {"name": "Desktop Lifetime [yrs]", "description": "", "process": 16, "property_type": 2, "default_value": 6.0, "max_value": null, "min_value": null, "readonly": false, "property_value": 6.0}}, {"model": "merlin_api.processproperty", "pk": 60, "fields": {"name": "Acquisition Costs / Desktop", "description": "", "process": 16, "property_type": 2, "default_value": 4000.0, "max_value": null, "min_value": null, "readonly": false, "property_value": 4000.0}}, {"model": "merlin_api.processproperty", "pk": 61, "fields": {"name": "depreciation Period [yrs]", "description": "", "process": 16, "property_type": 2, "default_value": 4.0, "max_value": null, "min_value": null, "readonly": false, "property_value": 4.0}}, {"model": "merlin_api.processproperty", "pk": 62, "fields": {"name": "annual amount", "description": "", "process": 17, "property_type": 2, "default_value": 73000000.0, "max_value": null, "min_value": null, "readonly": false, "property_value": 73000000.0}}, {"model": "merlin_api.processproperty", "pk": 63, "fields": {"name": "annual amount", "description": "", "process": 18, "property_type": 2, "default_value": 800000.0, "max_value": null, "min_value": null, "readonly": false, "property_value": 800000.0}}, {"model": "merlin_api.processproperty", "pk": 64, "fields": {"name": "annual amount", "description": "", "process": 19, "property_type": 2, "default_value": 18000000.0, "max_value": null, "min_value": null, "readonly": false, "property_value": 18000000.0}}, {"model": "merlin_api.processproperty", "pk": 65, "fields": {"name": "annual leave [%]", "description": "", "process": 20, "property_type": 2, "default_value": 20.0, "max_value": null, "min_value": null, "readonly": false, "property_value": 20.0}}, {"model": "merlin_api.processproperty", "pk": 66, "fields": {"name": "admin & training [%]", "description": "", "process": 20, "property_type": 2, "default_value": 20.0, "max_value": null, "min_value": null, "readonly": false, "property_value": 20.0}}, {"model": "merlin_api.processproperty", "pk": 67, "fields": {"name": "overhead staff #", "description": "", "process": 20, "property_type": 2, "default_value": 10.0, "max_value": null, "min_value": null, "readonly": false, "property_value": 10.0}}, {"model": "merlin_api.processproperty", "pk": 68, "fields": {"name": "avg annual line salary", "description": "", "process": 20, "property_type": 2, "default_value": 60000.0, "max_value": null, "min_value": null, "readonly": false, "property_value": 60000.0}}, {"model": "merlin_api.processproperty", "pk": 69, "fields": {"name": "avg annual overhead salary", "description": "", "process": 20, "property_type": 2, "default_value": 75000.0, "max_value": null, "min_value": null, "readonly": false, "property_value": 75000.0}}, {"model": "merlin_api.processproperty", "pk": 70, "fields": {"name": "working hours per week", "description": "", "process": 20, "property_type": 2, "default_value": 40.0, "max_value": null, "min_value": null, "readonly": false, "property_value": 40.0}}, {"model": "merlin_api.processproperty", "pk": 71, "fields": {"name": "line staff #", "description": "", "process": 20, "property_type": 2, "default_value": 100.0, "max_value": null, "min_value": null, "readonly": false, "property_value": 100.0}}, {"model": "merlin_api.processproperty", "pk": 72, "fields": {"name": "span of control", "description": "", "process": 20, "property_type": 2, "default_value": 12.0, "max_value": null, "min_value": null, "readonly": false, "property_value": 12.0}}, {"model": "merlin_api.processproperty", "pk": 73, "fields": {"name": "hours of training period", "description": "", "process": 20, "property_type": 2, "default_value": 100.0, "max_value": null, "min_value": null, "readonly": false, "property_value": 100.0}}, {"model": "merlin_api.processproperty", "pk": 74, "fields": {"name": "area [m\u00b2]", "description": "", "process": 21, "property_type": 2, "default_value": 1650.0, "max_value": null, "min_value": null, "readonly": false, "property_value": 1650.0}}, {"model": "merlin_api.processproperty", "pk": 75, "fields": {"name": "area [m\u00b2]/staff", "description": "", "process": 21, "property_type": 2, "default_value": 15.0, "max_value": null, "min_value": null, "readonly": false, "property_value": 15.0}}, {"model": "merlin_api.processproperty", "pk": 76, "fields": {"name": "annual cost[$]/area [m\u00b2]", "description": "", "process": 21, "property_type": 2, "default_value": 400.0, "max_value": null, "min_value": null, "readonly": false, "property_value": 400.0}}, {"model": "merlin_api.processproperty", "pk": 77, "fields": {"name": "lease term [yr]", "description": "", "process": 21, "property_type": 2, "default_value": 5.0, "max_value": null, "min_value": null, "readonly": false, "property_value": 5.0}}, {"model": "merlin_api.processproperty", "pk": 78, "fields": {"name": "Cost / extra Desktop", "description": "", "process": 22, "property_type": 2, "default_value": 0.0, "max_value": null, "min_value": null, "readonly": false, "property_value": 0.0}}, {"model": "merlin_api.processproperty", "pk": 79, "fields": {"name": "actual desktops", "description": "", "process": 22, "property_type": 2, "default_value": 0.0, "max_value": null, "min_value": null, "readonly": false, "property_value": 0.0}}, {"model": "merlin_api.processproperty", "pk": 80, "fields": {"name": "contract duration/yrs", "description": "", "process": 22, "property_type": 2, "default_value": 6.0, "max_value": null, "min_value": null, "readonly": false, "property_value": 6.0}}, {"model": "merlin_api.processproperty", "pk": 81, "fields": {"name": "min desktops contracted", "description": "", "process": 22, "property_type": 2, "default_value": 0.0, "max_value": null, "min_value": null, "readonly": false, "property_value": 0.0}}, {"model": "merlin_api.processproperty", "pk": 82, "fields": {"name": "Contract Management OH hours", "description": "", "process": 22, "property_type": 2, "default_value": 0.0, "max_value": null, "min_value": null, "readonly": false, "property_value": 0.0}}, {"model": "merlin_api.processproperty", "pk": 83, "fields": {"name": "annual base contract costs", "description": "", "process": 22, "property_type": 2, "default_value": 0.0, "max_value": null, "min_value": null, "readonly": false, "property_value": 0.0}}, {"model": "merlin_api.scenario", "pk": 1, "fields": {"name": "baseline", "description": "", "sim": 1, "start_offset": 0}}, {"model": "merlin_api.scenario", "pk": 2, "fields": {"name": "baseline", "description": "", "sim": 2, "start_offset": 0}}, {"model": "merlin_api.scenario", "pk": 3, "fields": {"name": "baseline", "description": "", "sim": 3, "start_offset": 0}}]